station,index,origin,eligible,targets_observed,recent_day_complete,week_sources_observed,coverage_72,coverage_168,coverage_720,coverage_2160
Aotizhongxin,30720,2016-09-01 00:00:00+08:00,False,True,False,True,True,True,True,True
Aotizhongxin,30745,2016-09-02 01:00:00+08:00,True,True,True,True,True,True,True,True
Aotizhongxin,30770,2016-09-03 02:00:00+08:00,True,True,True,True,True,True,True,True
Aotizhongxin,30795,2016-09-04 03:00:00+08:00,True,True,True,True,True,True,True,True
Aotizhongxin,30820,2016-09-05 04:00:00+08:00,True,True,True,True,True,True,True,True
Aotizhongxin,30845,2016-09-06 05:00:00+08:00,False,False,True,True,True,True,True,True
Aotizhongxin,30870,2016-09-07 06:00:00+08:00,False,False,False,True,False,True,True,True
Aotizhongxin,30895,2016-09-08 07:00:00+08:00,False,True,False,True,False,False,True,True
Aotizhongxin,30920,2016-09-09 08:00:00+08:00,False,True,True,True,False,False,True,True
Aotizhongxin,30945,2016-09-10 09:00:00+08:00,False,True,True,True,True,False,True,True
Aotizhongxin,30970,2016-09-11 10:00:00+08:00,False,True,True,True,True,False,True,True
Aotizhongxin,30995,2016-09-12 11:00:00+08:00,False,True,True,True,True,False,True,True
Aotizhongxin,31020,2016-09-13 12:00:00+08:00,False,True,True,False,True,False,True,True
Aotizhongxin,31045,2016-09-14 13:00:00+08:00,False,True,True,False,True,True,True,True
Aotizhongxin,31070,2016-09-15 14:00:00+08:00,True,True,True,True,True,True,True,True
Aotizhongxin,31095,2016-09-16 15:00:00+08:00,True,True,True,True,True,True,True,True
Aotizhongxin,31120,2016-09-17 16:00:00+08:00,True,True,True,True,True,True,True,True
Aotizhongxin,31145,2016-09-18 17:00:00+08:00,True,True,True,True,True,True,True,True
Aotizhongxin,31170,2016-09-19 18:00:00+08:00,True,True,True,True,True,True,True,True
Aotizhongxin,31195,2016-09-20 19:00:00+08:00,True,True,True,True,True,True,True,True
Aotizhongxin,31220,2016-09-21 20:00:00+08:00,True,True,True,True,True,True,True,True
Aotizhongxin,31245,2016-09-22 21:00:00+08:00,False,False,True,True,True,True,True,True
Aotizhongxin,31270,2016-09-23 22:00:00+08:00,False,True,False,True,True,True,True,True
Aotizhongxin,31295,2016-09-24 23:00:00+08:00,True,True,True,True,True,True,True,True
Aotizhongxin,31320,2016-09-26 00:00:00+08:00,True,True,True,True,True,True,True,True
Aotizhongxin,31345,2016-09-27 01:00:00+08:00,True,True,True,True,True,True,True,True
Aotizhongxin,31370,2016-09-28 02:00:00+08:00,False,True,False,True,True,True,True,True
Aotizhongxin,31395,2016-09-29 03:00:00+08:00,False,True,False,False,True,True,True,True
Aotizhongxin,31420,2016-09-30 04:00:00+08:00,True,True,True,True,True,True,True,True
Aotizhongxin,31445,2016-10-01 05:00:00+08:00,True,True,True,True,True,True,True,True
Aotizhongxin,31470,2016-10-02 06:00:00+08:00,True,True,True,True,True,True,True,True
Aotizhongxin,31495,2016-10-03 07:00:00+08:00,True,True,True,True,True,True,True,True
Aotizhongxin,31520,2016-10-04 08:00:00+08:00,True,True,True,True,True,True,True,True
Aotizhongxin,31545,2016-10-05 09:00:00+08:00,False,True,True,False,True,True,True,True
Aotizhongxin,31570,2016-10-06 10:00:00+08:00,True,True,True,True,True,True,True,True
Aotizhongxin,31595,2016-10-07 11:00:00+08:00,True,True,True,True,True,True,True,True
Aotizhongxin,31620,2016-10-08 12:00:00+08:00,True,True,True,True,True,True,True,True
Aotizhongxin,31645,2016-10-09 13:00:00+08:00,True,True,True,True,True,True,True,True
Aotizhongxin,31670,2016-10-10 14:00:00+08:00,False,True,False,True,True,True,True,True
Aotizhongxin,31695,2016-10-11 15:00:00+08:00,True,True,True,True,True,True,True,True
Aotizhongxin,31720,2016-10-12 16:00:00+08:00,True,True,True,True,True,True,True,True
Aotizhongxin,31745,2016-10-13 17:00:00+08:00,True,True,True,True,True,True,True,True
Aotizhongxin,31770,2016-10-14 18:00:00+08:00,True,True,True,True,True,True,True,True
Aotizhongxin,31795,2016-10-15 19:00:00+08:00,False,True,False,True,True,True,True,True
Aotizhongxin,31820,2016-10-16 20:00:00+08:00,True,True,True,True,True,True,True,True
Aotizhongxin,31845,2016-10-17 21:00:00+08:00,False,True,False,True,True,True,True,True
Aotizhongxin,31870,2016-10-18 22:00:00+08:00,True,True,True,True,True,True,True,True
Aotizhongxin,31895,2016-10-19 23:00:00+08:00,True,True,True,True,True,True,True,True
Aotizhongxin,31920,2016-10-21 00:00:00+08:00,True,True,True,True,True,True,True,True
Aotizhongxin,31945,2016-10-22 01:00:00+08:00,False,True,True,False,True,True,True,True
Aotizhongxin,31970,2016-10-23 02:00:00+08:00,True,True,True,True,True,True,True,True
Aotizhongxin,31995,2016-10-24 03:00:00+08:00,True,True,True,True,True,True,True,True
Aotizhongxin,32020,2016-10-25 04:00:00+08:00,True,True,True,True,True,True,True,True
Aotizhongxin,32045,2016-10-26 05:00:00+08:00,True,True,True,True,True,True,True,True
Aotizhongxin,32070,2016-10-27 06:00:00+08:00,True,True,True,True,True,True,True,True
Aotizhongxin,32095,2016-10-28 07:00:00+08:00,True,True,True,True,True,True,True,True
Aotizhongxin,32120,2016-10-29 08:00:00+08:00,True,True,True,True,True,True,True,True
Aotizhongxin,32145,2016-10-30 09:00:00+08:00,True,True,True,True,True,True,True,True
Aotizhongxin,32170,2016-10-31 10:00:00+08:00,True,True,True,True,True,True,True,True
Aotizhongxin,32195,2016-11-01 11:00:00+08:00,True,True,True,True,True,True,True,True
Aotizhongxin,32220,2016-11-02 12:00:00+08:00,False,False,True,True,True,True,True,True
Aotizhongxin,32245,2016-11-03 13:00:00+08:00,False,True,False,True,True,True,True,True
Aotizhongxin,32270,2016-11-04 14:00:00+08:00,True,True,True,True,True,True,True,True
Aotizhongxin,32295,2016-11-05 15:00:00+08:00,True,True,True,True,True,True,True,True
Aotizhongxin,32320,2016-11-06 16:00:00+08:00,True,True,True,True,True,True,True,True
Aotizhongxin,32345,2016-11-07 17:00:00+08:00,True,True,True,True,True,True,True,True
Aotizhongxin,32370,2016-11-08 18:00:00+08:00,False,False,True,False,True,True,True,True
Aotizhongxin,32395,2016-11-09 19:00:00+08:00,False,True,False,True,True,True,True,True
Aotizhongxin,32420,2016-11-10 20:00:00+08:00,True,True,True,True,True,True,True,True
Aotizhongxin,32445,2016-11-11 21:00:00+08:00,True,True,True,True,True,True,True,True
Aotizhongxin,32470,2016-11-12 22:00:00+08:00,True,True,True,True,True,True,True,True
Aotizhongxin,32495,2016-11-13 23:00:00+08:00,True,True,True,True,True,True,True,True
Aotizhongxin,32520,2016-11-15 00:00:00+08:00,True,True,True,True,True,True,True,True
Aotizhongxin,32545,2016-11-16 01:00:00+08:00,True,True,True,True,True,True,True,True
Aotizhongxin,32570,2016-11-17 02:00:00+08:00,True,True,True,True,True,True,True,True
Aotizhongxin,32595,2016-11-18 03:00:00+08:00,True,True,True,True,True,True,True,True
Aotizhongxin,32620,2016-11-19 04:00:00+08:00,True,True,True,True,True,True,True,True
Aotizhongxin,32645,2016-11-20 05:00:00+08:00,True,True,True,True,True,True,True,True
Aotizhongxin,32670,2016-11-21 06:00:00+08:00,True,True,True,True,True,True,True,True
Aotizhongxin,32695,2016-11-22 07:00:00+08:00,True,True,True,True,True,True,True,True
Aotizhongxin,32720,2016-11-23 08:00:00+08:00,True,True,True,True,True,True,True,True
Aotizhongxin,32745,2016-11-24 09:00:00+08:00,False,False,True,True,True,True,True,True
Aotizhongxin,32770,2016-11-25 10:00:00+08:00,False,True,False,True,True,True,True,True
Aotizhongxin,32795,2016-11-26 11:00:00+08:00,True,True,True,True,True,True,True,True
Aotizhongxin,32820,2016-11-27 12:00:00+08:00,True,True,True,True,True,True,True,True
Aotizhongxin,32845,2016-11-28 13:00:00+08:00,True,True,True,True,True,True,True,True
Aotizhongxin,32870,2016-11-29 14:00:00+08:00,True,True,True,True,True,True,True,True
Aotizhongxin,32895,2016-11-30 15:00:00+08:00,False,True,True,False,True,True,True,True
Aotizhongxin,32920,2016-12-01 16:00:00+08:00,True,True,True,True,True,True,True,True
Aotizhongxin,32945,2016-12-02 17:00:00+08:00,True,True,True,True,True,True,True,True
Aotizhongxin,32970,2016-12-03 18:00:00+08:00,True,True,True,True,True,True,True,True
Aotizhongxin,32995,2016-12-04 19:00:00+08:00,True,True,True,True,True,True,True,True
Aotizhongxin,33020,2016-12-05 20:00:00+08:00,True,True,True,True,True,True,True,True
Aotizhongxin,33045,2016-12-06 21:00:00+08:00,True,True,True,True,True,True,True,True
Aotizhongxin,33070,2016-12-07 22:00:00+08:00,True,True,True,True,True,True,True,True
Aotizhongxin,33095,2016-12-08 23:00:00+08:00,True,True,True,True,True,True,True,True
Aotizhongxin,33120,2016-12-10 00:00:00+08:00,True,True,True,True,True,True,True,True
Aotizhongxin,33145,2016-12-11 01:00:00+08:00,True,True,True,True,True,True,True,True
Aotizhongxin,33170,2016-12-12 02:00:00+08:00,True,True,True,True,True,True,True,True
Aotizhongxin,33195,2016-12-13 03:00:00+08:00,True,True,True,True,True,True,True,True
Aotizhongxin,33220,2016-12-14 04:00:00+08:00,True,True,True,True,True,True,True,True
Aotizhongxin,33245,2016-12-15 05:00:00+08:00,True,True,True,True,True,True,True,True
Aotizhongxin,33270,2016-12-16 06:00:00+08:00,True,True,True,True,True,True,True,True
Aotizhongxin,33295,2016-12-17 07:00:00+08:00,True,True,True,True,True,True,True,True
Aotizhongxin,33320,2016-12-18 08:00:00+08:00,True,True,True,True,True,True,True,True
Aotizhongxin,33345,2016-12-19 09:00:00+08:00,True,True,True,True,True,True,True,True
Aotizhongxin,33370,2016-12-20 10:00:00+08:00,True,True,True,True,True,True,True,True
Aotizhongxin,33395,2016-12-21 11:00:00+08:00,True,True,True,True,True,True,True,True
Aotizhongxin,33420,2016-12-22 12:00:00+08:00,True,True,True,True,True,True,True,True
Aotizhongxin,33445,2016-12-23 13:00:00+08:00,True,True,True,True,True,True,True,True
Aotizhongxin,33470,2016-12-24 14:00:00+08:00,True,True,True,True,True,True,True,True
Aotizhongxin,33495,2016-12-25 15:00:00+08:00,True,True,True,True,True,True,True,True
Aotizhongxin,33520,2016-12-26 16:00:00+08:00,True,True,True,True,True,True,True,True
Aotizhongxin,33545,2016-12-27 17:00:00+08:00,False,False,True,True,True,True,True,True
Aotizhongxin,33570,2016-12-28 18:00:00+08:00,True,True,True,True,True,True,True,True
Aotizhongxin,33595,2016-12-29 19:00:00+08:00,True,True,True,True,True,True,True,True
Aotizhongxin,33620,2016-12-30 20:00:00+08:00,True,True,True,True,True,True,True,True
Aotizhongxin,33645,2016-12-31 21:00:00+08:00,True,True,True,True,True,True,True,True
Aotizhongxin,33670,2017-01-01 22:00:00+08:00,True,True,True,True,True,True,True,True
Aotizhongxin,33695,2017-01-02 23:00:00+08:00,True,True,True,True,True,True,True,True
Aotizhongxin,33720,2017-01-04 00:00:00+08:00,True,True,True,True,True,True,True,True
Aotizhongxin,33745,2017-01-05 01:00:00+08:00,True,True,True,True,True,True,True,True
Aotizhongxin,33770,2017-01-06 02:00:00+08:00,True,True,True,True,True,True,True,True
Aotizhongxin,33795,2017-01-07 03:00:00+08:00,True,True,True,True,True,True,True,True
Aotizhongxin,33820,2017-01-08 04:00:00+08:00,True,True,True,True,True,True,True,True
Aotizhongxin,33845,2017-01-09 05:00:00+08:00,True,True,True,True,True,True,True,True
Aotizhongxin,33870,2017-01-10 06:00:00+08:00,True,True,True,True,True,True,True,True
Aotizhongxin,33895,2017-01-11 07:00:00+08:00,True,True,True,True,True,True,True,True
Aotizhongxin,33920,2017-01-12 08:00:00+08:00,True,True,True,True,True,True,True,True
Aotizhongxin,33945,2017-01-13 09:00:00+08:00,True,True,True,True,True,True,True,True
Aotizhongxin,33970,2017-01-14 10:00:00+08:00,True,True,True,True,True,True,True,True
Aotizhongxin,33995,2017-01-15 11:00:00+08:00,True,True,True,True,True,True,True,True
Aotizhongxin,34020,2017-01-16 12:00:00+08:00,True,True,True,True,True,True,True,True
Aotizhongxin,34045,2017-01-17 13:00:00+08:00,True,True,True,True,True,True,True,True
Aotizhongxin,34070,2017-01-18 14:00:00+08:00,True,True,True,True,True,True,True,True
Aotizhongxin,34095,2017-01-19 15:00:00+08:00,True,True,True,True,True,True,True,True
Aotizhongxin,34120,2017-01-20 16:00:00+08:00,True,True,True,True,True,True,True,True
Aotizhongxin,34145,2017-01-21 17:00:00+08:00,True,True,True,True,True,True,True,True
Aotizhongxin,34170,2017-01-22 18:00:00+08:00,True,True,True,True,True,True,True,True
Aotizhongxin,34195,2017-01-23 19:00:00+08:00,True,True,True,True,True,True,True,True
Aotizhongxin,34220,2017-01-24 20:00:00+08:00,True,True,True,True,True,True,True,True
Aotizhongxin,34245,2017-01-25 21:00:00+08:00,False,True,False,True,True,True,True,True
Aotizhongxin,34270,2017-01-26 22:00:00+08:00,True,True,True,True,True,True,True,True
Aotizhongxin,34295,2017-01-27 23:00:00+08:00,True,True,True,True,True,True,True,True
Aotizhongxin,34320,2017-01-29 00:00:00+08:00,True,True,True,True,True,True,True,True
Aotizhongxin,34345,2017-01-30 01:00:00+08:00,True,True,True,True,True,True,True,True
Aotizhongxin,34370,2017-01-31 02:00:00+08:00,True,True,True,True,True,True,True,True
Aotizhongxin,34395,2017-02-01 03:00:00+08:00,True,True,True,True,True,True,True,True
Aotizhongxin,34420,2017-02-02 04:00:00+08:00,True,True,True,True,True,True,True,True
Aotizhongxin,34445,2017-02-03 05:00:00+08:00,True,True,True,True,True,True,True,True
Aotizhongxin,34470,2017-02-04 06:00:00+08:00,True,True,True,True,True,True,True,True
Aotizhongxin,34495,2017-02-05 07:00:00+08:00,True,True,True,True,True,True,True,True
Aotizhongxin,34520,2017-02-06 08:00:00+08:00,True,True,True,True,True,True,True,True
Aotizhongxin,34545,2017-02-07 09:00:00+08:00,True,True,True,True,True,True,True,True
Aotizhongxin,34570,2017-02-08 10:00:00+08:00,True,True,True,True,True,True,True,True
Aotizhongxin,34595,2017-02-09 11:00:00+08:00,False,True,False,True,True,True,True,True
Aotizhongxin,34620,2017-02-10 12:00:00+08:00,True,True,True,True,True,True,True,True
Aotizhongxin,34645,2017-02-11 13:00:00+08:00,True,True,True,True,True,True,True,True
Aotizhongxin,34670,2017-02-12 14:00:00+08:00,True,True,True,True,True,True,True,True
Aotizhongxin,34695,2017-02-13 15:00:00+08:00,True,True,True,True,True,True,True,True
Aotizhongxin,34720,2017-02-14 16:00:00+08:00,True,True,True,True,True,True,True,True
Aotizhongxin,34745,2017-02-15 17:00:00+08:00,True,True,True,True,True,True,True,True
Aotizhongxin,34770,2017-02-16 18:00:00+08:00,True,True,True,True,True,True,True,True
Aotizhongxin,34795,2017-02-17 19:00:00+08:00,True,True,True,True,True,True,True,True
Aotizhongxin,34820,2017-02-18 20:00:00+08:00,True,True,True,True,True,True,True,True
Aotizhongxin,34845,2017-02-19 21:00:00+08:00,True,True,True,True,True,True,True,True
Aotizhongxin,34870,2017-02-20 22:00:00+08:00,False,False,False,True,True,True,True,True
Aotizhongxin,34895,2017-02-21 23:00:00+08:00,False,True,False,True,False,True,True,True
Aotizhongxin,34920,2017-02-23 00:00:00+08:00,False,True,True,True,False,True,True,True
Aotizhongxin,34945,2017-02-24 01:00:00+08:00,True,True,True,True,True,True,True,True
Aotizhongxin,34970,2017-02-25 02:00:00+08:00,True,True,True,True,True,True,True,True
Aotizhongxin,34995,2017-02-26 03:00:00+08:00,True,True,True,True,True,True,True,True
Aotizhongxin,35020,2017-02-27 04:00:00+08:00,False,True,True,False,True,True,True,True
Changping,30720,2016-09-01 00:00:00+08:00,True,True,True,True,True,True,True,True
Changping,30745,2016-09-02 01:00:00+08:00,False,True,False,True,True,True,True,True
Changping,30770,2016-09-03 02:00:00+08:00,True,True,True,True,True,True,True,True
Changping,30795,2016-09-04 03:00:00+08:00,True,True,True,True,True,True,True,True
Changping,30820,2016-09-05 04:00:00+08:00,True,True,True,True,True,True,True,True
Changping,30845,2016-09-06 05:00:00+08:00,False,False,True,True,True,True,True,True
Changping,30870,2016-09-07 06:00:00+08:00,False,False,False,True,False,True,True,True
Changping,30895,2016-09-08 07:00:00+08:00,False,True,False,True,False,False,True,True
Changping,30920,2016-09-09 08:00:00+08:00,False,True,True,True,False,False,True,True
Changping,30945,2016-09-10 09:00:00+08:00,False,True,True,True,True,False,True,True
Changping,30970,2016-09-11 10:00:00+08:00,False,True,True,True,True,False,True,True
Changping,30995,2016-09-12 11:00:00+08:00,False,True,True,True,True,False,True,True
Changping,31020,2016-09-13 12:00:00+08:00,False,True,True,False,True,False,True,True
Changping,31045,2016-09-14 13:00:00+08:00,True,True,True,True,True,True,True,True
Changping,31070,2016-09-15 14:00:00+08:00,True,True,True,True,True,True,True,True
Changping,31095,2016-09-16 15:00:00+08:00,True,True,True,True,True,True,True,True
Changping,31120,2016-09-17 16:00:00+08:00,True,True,True,True,True,True,True,True
Changping,31145,2016-09-18 17:00:00+08:00,True,True,True,True,True,True,True,True
Changping,31170,2016-09-19 18:00:00+08:00,True,True,True,True,True,True,True,True
Changping,31195,2016-09-20 19:00:00+08:00,True,True,True,True,True,True,True,True
Changping,31220,2016-09-21 20:00:00+08:00,True,True,True,True,True,True,True,True
Changping,31245,2016-09-22 21:00:00+08:00,True,True,True,True,True,True,True,True
Changping,31270,2016-09-23 22:00:00+08:00,True,True,True,True,True,True,True,True
Changping,31295,2016-09-24 23:00:00+08:00,True,True,True,True,True,True,True,True
Changping,31320,2016-09-26 00:00:00+08:00,True,True,True,True,True,True,True,True
Changping,31345,2016-09-27 01:00:00+08:00,True,True,True,True,True,True,True,True
Changping,31370,2016-09-28 02:00:00+08:00,True,True,True,True,True,True,True,True
Changping,31395,2016-09-29 03:00:00+08:00,False,True,False,True,True,True,True,True
Changping,31420,2016-09-30 04:00:00+08:00,False,True,False,True,True,True,True,True
Changping,31445,2016-10-01 05:00:00+08:00,True,True,True,True,True,True,True,True
Changping,31470,2016-10-02 06:00:00+08:00,True,True,True,True,True,True,True,True
Changping,31495,2016-10-03 07:00:00+08:00,True,True,True,True,True,True,True,True
Changping,31520,2016-10-04 08:00:00+08:00,True,True,True,True,True,True,True,True
Changping,31545,2016-10-05 09:00:00+08:00,False,True,True,False,True,True,True,True
Changping,31570,2016-10-06 10:00:00+08:00,True,True,True,True,True,True,True,True
Changping,31595,2016-10-07 11:00:00+08:00,True,True,True,True,True,True,True,True
Changping,31620,2016-10-08 12:00:00+08:00,True,True,True,True,True,True,True,True
Changping,31645,2016-10-09 13:00:00+08:00,True,True,True,True,True,True,True,True
Changping,31670,2016-10-10 14:00:00+08:00,True,True,True,True,True,True,True,True
Changping,31695,2016-10-11 15:00:00+08:00,True,True,True,True,True,True,True,True
Changping,31720,2016-10-12 16:00:00+08:00,False,True,False,True,True,True,True,True
Changping,31745,2016-10-13 17:00:00+08:00,True,True,True,True,True,True,True,True
Changping,31770,2016-10-14 18:00:00+08:00,True,True,True,True,True,True,True,True
Changping,31795,2016-10-15 19:00:00+08:00,True,True,True,True,True,True,True,True
Changping,31820,2016-10-16 20:00:00+08:00,True,True,True,True,True,True,True,True
Changping,31845,2016-10-17 21:00:00+08:00,True,True,True,True,True,True,True,True
Changping,31870,2016-10-18 22:00:00+08:00,False,True,False,True,True,True,True,True
Changping,31895,2016-10-19 23:00:00+08:00,False,True,False,True,True,True,True,True
Changping,31920,2016-10-21 00:00:00+08:00,True,True,True,True,True,True,True,True
Changping,31945,2016-10-22 01:00:00+08:00,True,True,True,True,True,True,True,True
Changping,31970,2016-10-23 02:00:00+08:00,True,True,True,True,True,True,True,True
Changping,31995,2016-10-24 03:00:00+08:00,True,True,True,True,True,True,True,True
Changping,32020,2016-10-25 04:00:00+08:00,True,True,True,True,True,True,True,True
Changping,32045,2016-10-26 05:00:00+08:00,True,True,True,True,True,True,True,True
Changping,32070,2016-10-27 06:00:00+08:00,False,True,False,True,True,True,True,True
Changping,32095,2016-10-28 07:00:00+08:00,True,True,True,True,True,True,True,True
Changping,32120,2016-10-29 08:00:00+08:00,True,True,True,True,True,True,True,True
Changping,32145,2016-10-30 09:00:00+08:00,True,True,True,True,True,True,True,True
Changping,32170,2016-10-31 10:00:00+08:00,True,True,True,True,True,True,True,True
Changping,32195,2016-11-01 11:00:00+08:00,True,True,True,True,True,True,True,True
Changping,32220,2016-11-02 12:00:00+08:00,True,True,True,True,True,True,True,True
Changping,32245,2016-11-03 13:00:00+08:00,True,True,True,True,True,True,True,True
Changping,32270,2016-11-04 14:00:00+08:00,True,True,True,True,True,True,True,True
Changping,32295,2016-11-05 15:00:00+08:00,True,True,True,True,True,True,True,True
Changping,32320,2016-11-06 16:00:00+08:00,True,True,True,True,True,True,True,True
Changping,32345,2016-11-07 17:00:00+08:00,True,True,True,True,True,True,True,True
Changping,32370,2016-11-08 18:00:00+08:00,True,True,True,True,True,True,True,True
Changping,32395,2016-11-09 19:00:00+08:00,True,True,True,True,True,True,True,True
Changping,32420,2016-11-10 20:00:00+08:00,True,True,True,True,True,True,True,True
Changping,32445,2016-11-11 21:00:00+08:00,True,True,True,True,True,True,True,True
Changping,32470,2016-11-12 22:00:00+08:00,True,True,True,True,True,True,True,True
Changping,32495,2016-11-13 23:00:00+08:00,True,True,True,True,True,True,True,True
Changping,32520,2016-11-15 00:00:00+08:00,True,True,True,True,True,True,True,True
Changping,32545,2016-11-16 01:00:00+08:00,True,True,True,True,True,True,True,True
Changping,32570,2016-11-17 02:00:00+08:00,True,True,True,True,True,True,True,True
Changping,32595,2016-11-18 03:00:00+08:00,True,True,True,True,True,True,True,True
Changping,32620,2016-11-19 04:00:00+08:00,True,True,True,True,True,True,True,True
Changping,32645,2016-11-20 05:00:00+08:00,True,True,True,True,True,True,True,True
Changping,32670,2016-11-21 06:00:00+08:00,True,True,True,True,True,True,True,True
Changping,32695,2016-11-22 07:00:00+08:00,True,True,True,True,True,True,True,True
Changping,32720,2016-11-23 08:00:00+08:00,True,True,True,True,True,True,True,True
Changping,32745,2016-11-24 09:00:00+08:00,True,True,True,True,True,True,True,True
Changping,32770,2016-11-25 10:00:00+08:00,True,True,True,True,True,True,True,True
Changping,32795,2016-11-26 11:00:00+08:00,True,True,True,True,True,True,True,True
Changping,32820,2016-11-27 12:00:00+08:00,True,True,True,True,True,True,True,True
Changping,32845,2016-11-28 13:00:00+08:00,True,True,True,True,True,True,True,True
Changping,32870,2016-11-29 14:00:00+08:00,True,True,True,True,True,True,True,True
Changping,32895,2016-11-30 15:00:00+08:00,True,True,True,True,True,True,True,True
Changping,32920,2016-12-01 16:00:00+08:00,True,True,True,True,True,True,True,True
Changping,32945,2016-12-02 17:00:00+08:00,True,True,True,True,True,True,True,True
Changping,32970,2016-12-03 18:00:00+08:00,True,True,True,True,True,True,True,True
Changping,32995,2016-12-04 19:00:00+08:00,True,True,True,True,True,True,True,True
Changping,33020,2016-12-05 20:00:00+08:00,True,True,True,True,True,True,True,True
Changping,33045,2016-12-06 21:00:00+08:00,False,True,False,True,True,True,True,True
Changping,33070,2016-12-07 22:00:00+08:00,True,True,True,True,True,True,True,True
Changping,33095,2016-12-08 23:00:00+08:00,True,True,True,True,True,True,True,True
Changping,33120,2016-12-10 00:00:00+08:00,True,True,True,True,True,True,True,True
Changping,33145,2016-12-11 01:00:00+08:00,True,True,True,True,True,True,True,True
Changping,33170,2016-12-12 02:00:00+08:00,True,True,True,True,True,True,True,True
Changping,33195,2016-12-13 03:00:00+08:00,True,True,True,True,True,True,True,True
Changping,33220,2016-12-14 04:00:00+08:00,True,True,True,True,True,True,True,True
Changping,33245,2016-12-15 05:00:00+08:00,True,True,True,True,True,True,True,True
Changping,33270,2016-12-16 06:00:00+08:00,True,True,True,True,True,True,True,True
Changping,33295,2016-12-17 07:00:00+08:00,True,True,True,True,True,True,True,True
Changping,33320,2016-12-18 08:00:00+08:00,True,True,True,True,True,True,True,True
Changping,33345,2016-12-19 09:00:00+08:00,True,True,True,True,True,True,True,True
Changping,33370,2016-12-20 10:00:00+08:00,True,True,True,True,True,True,True,True
Changping,33395,2016-12-21 11:00:00+08:00,True,True,True,True,True,True,True,True
Changping,33420,2016-12-22 12:00:00+08:00,True,True,True,True,True,True,True,True
Changping,33445,2016-12-23 13:00:00+08:00,False,True,False,True,True,True,True,True
Changping,33470,2016-12-24 14:00:00+08:00,True,True,True,True,True,True,True,True
Changping,33495,2016-12-25 15:00:00+08:00,True,True,True,True,True,True,True,True
Changping,33520,2016-12-26 16:00:00+08:00,False,False,True,True,True,True,True,True
Changping,33545,2016-12-27 17:00:00+08:00,False,True,False,True,True,True,True,True
Changping,33570,2016-12-28 18:00:00+08:00,True,True,True,True,True,True,True,True
Changping,33595,2016-12-29 19:00:00+08:00,True,True,True,True,True,True,True,True
Changping,33620,2016-12-30 20:00:00+08:00,True,True,True,True,True,True,True,True
Changping,33645,2016-12-31 21:00:00+08:00,True,True,True,True,True,True,True,True
Changping,33670,2017-01-01 22:00:00+08:00,True,True,True,True,True,True,True,True
Changping,33695,2017-01-02 23:00:00+08:00,True,True,True,True,True,True,True,True
Changping,33720,2017-01-04 00:00:00+08:00,True,True,True,True,True,True,True,True
Changping,33745,2017-01-05 01:00:00+08:00,True,True,True,True,True,True,True,True
Changping,33770,2017-01-06 02:00:00+08:00,True,True,True,True,True,True,True,True
Changping,33795,2017-01-07 03:00:00+08:00,True,True,True,True,True,True,True,True
Changping,33820,2017-01-08 04:00:00+08:00,True,True,True,True,True,True,True,True
Changping,33845,2017-01-09 05:00:00+08:00,True,True,True,True,True,True,True,True
Changping,33870,2017-01-10 06:00:00+08:00,True,True,True,True,True,True,True,True
Changping,33895,2017-01-11 07:00:00+08:00,True,True,True,True,True,True,True,True
Changping,33920,2017-01-12 08:00:00+08:00,True,True,True,True,True,True,True,True
Changping,33945,2017-01-13 09:00:00+08:00,True,True,True,True,True,True,True,True
Changping,33970,2017-01-14 10:00:00+08:00,True,True,True,True,True,True,True,True
Changping,33995,2017-01-15 11:00:00+08:00,True,True,True,True,True,True,True,True
Changping,34020,2017-01-16 12:00:00+08:00,True,True,True,True,True,True,True,True
Changping,34045,2017-01-17 13:00:00+08:00,True,True,True,True,True,True,True,True
Changping,34070,2017-01-18 14:00:00+08:00,True,True,True,True,True,True,True,True
Changping,34095,2017-01-19 15:00:00+08:00,True,True,True,True,True,True,True,True
Changping,34120,2017-01-20 16:00:00+08:00,True,True,True,True,True,True,True,True
Changping,34145,2017-01-21 17:00:00+08:00,True,True,True,True,True,True,True,True
Changping,34170,2017-01-22 18:00:00+08:00,True,True,True,True,True,True,True,True
Changping,34195,2017-01-23 19:00:00+08:00,True,True,True,True,True,True,True,True
Changping,34220,2017-01-24 20:00:00+08:00,True,True,True,True,True,True,True,True
Changping,34245,2017-01-25 21:00:00+08:00,False,True,False,True,True,True,True,True
Changping,34270,2017-01-26 22:00:00+08:00,True,True,True,True,True,True,True,True
Changping,34295,2017-01-27 23:00:00+08:00,True,True,True,True,True,True,True,True
Changping,34320,2017-01-29 00:00:00+08:00,True,True,True,True,True,True,True,True
Changping,34345,2017-01-30 01:00:00+08:00,True,True,True,True,True,True,True,True
Changping,34370,2017-01-31 02:00:00+08:00,True,True,True,True,True,True,True,True
Changping,34395,2017-02-01 03:00:00+08:00,True,True,True,True,True,True,True,True
Changping,34420,2017-02-02 04:00:00+08:00,True,True,True,True,True,True,True,True
Changping,34445,2017-02-03 05:00:00+08:00,True,True,True,True,True,True,True,True
Changping,34470,2017-02-04 06:00:00+08:00,True,True,True,True,True,True,True,True
Changping,34495,2017-02-05 07:00:00+08:00,True,True,True,True,True,True,True,True
Changping,34520,2017-02-06 08:00:00+08:00,True,True,True,True,True,True,True,True
Changping,34545,2017-02-07 09:00:00+08:00,True,True,True,True,True,True,True,True
Changping,34570,2017-02-08 10:00:00+08:00,True,True,True,True,True,True,True,True
Changping,34595,2017-02-09 11:00:00+08:00,False,True,False,True,True,True,True,True
Changping,34620,2017-02-10 12:00:00+08:00,True,True,True,True,True,True,True,True
Changping,34645,2017-02-11 13:00:00+08:00,True,True,True,True,True,True,True,True
Changping,34670,2017-02-12 14:00:00+08:00,True,True,True,True,True,True,True,True
Changping,34695,2017-02-13 15:00:00+08:00,True,True,True,True,True,True,True,True
Changping,34720,2017-02-14 16:00:00+08:00,True,True,True,True,True,True,True,True
Changping,34745,2017-02-15 17:00:00+08:00,True,True,True,True,True,True,True,True
Changping,34770,2017-02-16 18:00:00+08:00,True,True,True,True,True,True,True,True
Changping,34795,2017-02-17 19:00:00+08:00,True,True,True,True,True,True,True,True
Changping,34820,2017-02-18 20:00:00+08:00,True,True,True,True,True,True,True,True
Changping,34845,2017-02-19 21:00:00+08:00,True,True,True,True,True,True,True,True
Changping,34870,2017-02-20 22:00:00+08:00,False,False,False,True,True,True,True,True
Changping,34895,2017-02-21 23:00:00+08:00,False,True,False,True,False,True,True,True
Changping,34920,2017-02-23 00:00:00+08:00,False,True,True,True,False,True,True,True
Changping,34945,2017-02-24 01:00:00+08:00,True,True,True,True,True,True,True,True
Changping,34970,2017-02-25 02:00:00+08:00,True,True,True,True,True,True,True,True
Changping,34995,2017-02-26 03:00:00+08:00,True,True,True,True,True,True,True,True
Changping,35020,2017-02-27 04:00:00+08:00,False,True,True,False,True,True,True,True
Dingling,30720,2016-09-01 00:00:00+08:00,True,True,True,True,True,True,True,True
Dingling,30745,2016-09-02 01:00:00+08:00,False,True,False,True,True,True,True,True
Dingling,30770,2016-09-03 02:00:00+08:00,True,True,True,True,True,True,True,True
Dingling,30795,2016-09-04 03:00:00+08:00,True,True,True,True,True,True,True,True
Dingling,30820,2016-09-05 04:00:00+08:00,True,True,True,True,True,True,True,True
Dingling,30845,2016-09-06 05:00:00+08:00,False,False,True,True,True,True,True,True
Dingling,30870,2016-09-07 06:00:00+08:00,False,False,False,True,False,True,True,True
Dingling,30895,2016-09-08 07:00:00+08:00,False,False,False,False,False,False,True,True
Dingling,30920,2016-09-09 08:00:00+08:00,False,True,False,True,False,False,True,True
Dingling,30945,2016-09-10 09:00:00+08:00,False,True,True,True,True,False,True,True
Dingling,30970,2016-09-11 10:00:00+08:00,False,True,True,True,True,False,True,True
Dingling,30995,2016-09-12 11:00:00+08:00,False,True,True,True,True,False,True,True
Dingling,31020,2016-09-13 12:00:00+08:00,False,True,True,False,True,False,True,True
Dingling,31045,2016-09-14 13:00:00+08:00,False,True,True,False,True,True,True,True
Dingling,31070,2016-09-15 14:00:00+08:00,True,True,True,True,True,True,True,True
Dingling,31095,2016-09-16 15:00:00+08:00,True,True,True,True,True,True,True,True
Dingling,31120,2016-09-17 16:00:00+08:00,True,True,True,True,True,True,True,True
Dingling,31145,2016-09-18 17:00:00+08:00,False,False,True,True,True,True,True,True
Dingling,31170,2016-09-19 18:00:00+08:00,False,False,False,True,True,True,True,True
Dingling,31195,2016-09-20 19:00:00+08:00,False,False,False,True,False,True,True,True
Dingling,31220,2016-09-21 20:00:00+08:00,False,True,False,True,False,False,True,True
Dingling,31245,2016-09-22 21:00:00+08:00,False,False,True,True,False,False,True,True
Dingling,31270,2016-09-23 22:00:00+08:00,False,True,False,True,False,False,True,True
Dingling,31295,2016-09-24 23:00:00+08:00,False,True,True,True,True,False,True,True
Dingling,31320,2016-09-26 00:00:00+08:00,False,True,True,True,True,False,True,True
Dingling,31345,2016-09-27 01:00:00+08:00,False,True,True,False,True,False,True,True
Dingling,31370,2016-09-28 02:00:00+08:00,False,True,False,False,True,True,True,True
Dingling,31395,2016-09-29 03:00:00+08:00,False,True,True,False,True,True,True,True
Dingling,31420,2016-09-30 04:00:00+08:00,False,True,False,False,True,True,True,True
Dingling,31445,2016-10-01 05:00:00+08:00,True,True,True,True,True,True,True,True
Dingling,31470,2016-10-02 06:00:00+08:00,True,True,True,True,True,True,True,True
Dingling,31495,2016-10-03 07:00:00+08:00,True,True,True,True,True,True,True,True
Dingling,31520,2016-10-04 08:00:00+08:00,True,True,True,True,True,True,True,True
Dingling,31545,2016-10-05 09:00:00+08:00,True,True,True,True,True,True,True,True
Dingling,31570,2016-10-06 10:00:00+08:00,False,False,True,True,True,True,True,True
Dingling,31595,2016-10-07 11:00:00+08:00,False,True,False,True,True,True,True,True
Dingling,31620,2016-10-08 12:00:00+08:00,False,False,False,True,True,True,True,True
Dingling,31645,2016-10-09 13:00:00+08:00,False,False,False,True,False,False,True,True
Dingling,31670,2016-10-10 14:00:00+08:00,False,False,False,True,False,False,False,True
Dingling,31695,2016-10-11 15:00:00+08:00,False,False,False,True,False,False,False,True
Dingling,31720,2016-10-12 16:00:00+08:00,False,False,False,True,False,False,False,True
Dingling,31745,2016-10-13 17:00:00+08:00,False,True,False,True,False,False,False,True
Dingling,31770,2016-10-14 18:00:00+08:00,False,True,True,False,False,False,False,True
Dingling,31795,2016-10-15 19:00:00+08:00,False,True,False,False,False,False,False,True
Dingling,31820,2016-10-16 20:00:00+08:00,False,True,True,False,True,False,False,True
Dingling,31845,2016-10-17 21:00:00+08:00,False,True,True,False,True,False,False,True
Dingling,31870,2016-10-18 22:00:00+08:00,False,True,True,False,True,False,False,True
Dingling,31895,2016-10-19 23:00:00+08:00,False,True,False,False,True,False,False,True
Dingling,31920,2016-10-21 00:00:00+08:00,False,True,True,True,True,True,False,True
Dingling,31945,2016-10-22 01:00:00+08:00,False,True,True,False,True,True,False,True
Dingling,31970,2016-10-23 02:00:00+08:00,False,True,True,True,True,True,False,True
Dingling,31995,2016-10-24 03:00:00+08:00,False,True,True,True,True,True,False,True
Dingling,32020,2016-10-25 04:00:00+08:00,False,True,True,True,True,True,False,True
Dingling,32045,2016-10-26 05:00:00+08:00,False,True,False,True,True,True,False,True
Dingling,32070,2016-10-27 06:00:00+08:00,False,True,True,True,True,True,False,True
Dingling,32095,2016-10-28 07:00:00+08:00,False,True,True,True,True,True,False,True
Dingling,32120,2016-10-29 08:00:00+08:00,False,True,True,True,True,True,False,True
Dingling,32145,2016-10-30 09:00:00+08:00,False,True,True,True,True,True,False,True
Dingling,32170,2016-10-31 10:00:00+08:00,False,False,True,True,True,True,False,True
Dingling,32195,2016-11-01 11:00:00+08:00,False,True,False,False,True,True,False,True
Dingling,32220,2016-11-02 12:00:00+08:00,False,True,True,True,True,True,False,True
Dingling,32245,2016-11-03 13:00:00+08:00,False,True,True,True,True,True,False,True
Dingling,32270,2016-11-04 14:00:00+08:00,False,True,True,True,True,True,False,True
Dingling,32295,2016-11-05 15:00:00+08:00,False,True,True,True,True,True,False,True
Dingling,32320,2016-11-06 16:00:00+08:00,False,True,True,False,True,True,False,True
Dingling,32345,2016-11-07 17:00:00+08:00,False,True,True,True,True,True,False,True
Dingling,32370,2016-11-08 18:00:00+08:00,False,True,True,True,True,True,False,True
Dingling,32395,2016-11-09 19:00:00+08:00,False,False,True,True,True,True,False,True
Dingling,32420,2016-11-10 20:00:00+08:00,False,True,False,True,True,True,True,True
Dingling,32445,2016-11-11 21:00:00+08:00,True,True,True,True,True,True,True,True
Dingling,32470,2016-11-12 22:00:00+08:00,True,True,True,True,True,True,True,True
Dingling,32495,2016-11-13 23:00:00+08:00,True,True,True,True,True,True,True,True
Dingling,32520,2016-11-15 00:00:00+08:00,True,True,True,True,True,True,True,True
Dingling,32545,2016-11-16 01:00:00+08:00,True,True,True,True,True,True,True,True
Dingling,32570,2016-11-17 02:00:00+08:00,True,True,True,True,True,True,True,True
Dingling,32595,2016-11-18 03:00:00+08:00,True,True,True,True,True,True,True,True
Dingling,32620,2016-11-19 04:00:00+08:00,True,True,True,True,True,True,True,True
Dingling,32645,2016-11-20 05:00:00+08:00,True,True,True,True,True,True,True,True
Dingling,32670,2016-11-21 06:00:00+08:00,True,True,True,True,True,True,True,True
Dingling,32695,2016-11-22 07:00:00+08:00,True,True,True,True,True,True,True,True
Dingling,32720,2016-11-23 08:00:00+08:00,True,True,True,True,True,True,True,True
Dingling,32745,2016-11-24 09:00:00+08:00,True,True,True,True,True,True,True,True
Dingling,32770,2016-11-25 10:00:00+08:00,True,True,True,True,True,True,True,True
Dingling,32795,2016-11-26 11:00:00+08:00,True,True,True,True,True,True,True,True
Dingling,32820,2016-11-27 12:00:00+08:00,True,True,True,True,True,True,True,True
Dingling,32845,2016-11-28 13:00:00+08:00,True,True,True,True,True,True,True,True
Dingling,32870,2016-11-29 14:00:00+08:00,True,True,True,True,True,True,True,True
Dingling,32895,2016-11-30 15:00:00+08:00,True,True,True,True,True,True,True,True
Dingling,32920,2016-12-01 16:00:00+08:00,True,True,True,True,True,True,True,True
Dingling,32945,2016-12-02 17:00:00+08:00,True,True,True,True,True,True,True,True
Dingling,32970,2016-12-03 18:00:00+08:00,True,True,True,True,True,True,True,True
Dingling,32995,2016-12-04 19:00:00+08:00,True,True,True,True,True,True,True,True
Dingling,33020,2016-12-05 20:00:00+08:00,True,True,True,True,True,True,True,True
Dingling,33045,2016-12-06 21:00:00+08:00,False,True,False,True,True,True,True,True
Dingling,33070,2016-12-07 22:00:00+08:00,True,True,True,True,True,True,True,True
Dingling,33095,2016-12-08 23:00:00+08:00,True,True,True,True,True,True,True,True
Dingling,33120,2016-12-10 00:00:00+08:00,True,True,True,True,True,True,True,True
Dingling,33145,2016-12-11 01:00:00+08:00,True,True,True,True,True,True,True,True
Dingling,33170,2016-12-12 02:00:00+08:00,True,True,True,True,True,True,True,True
Dingling,33195,2016-12-13 03:00:00+08:00,True,True,True,True,True,True,True,True
Dingling,33220,2016-12-14 04:00:00+08:00,True,True,True,True,True,True,True,True
Dingling,33245,2016-12-15 05:00:00+08:00,True,True,True,True,True,True,True,True
Dingling,33270,2016-12-16 06:00:00+08:00,False,True,False,True,True,True,True,True
Dingling,33295,2016-12-17 07:00:00+08:00,True,True,True,True,True,True,True,True
Dingling,33320,2016-12-18 08:00:00+08:00,True,True,True,True,True,True,True,True
Dingling,33345,2016-12-19 09:00:00+08:00,True,True,True,True,True,True,True,True
Dingling,33370,2016-12-20 10:00:00+08:00,True,True,True,True,True,True,True,True
Dingling,33395,2016-12-21 11:00:00+08:00,True,True,True,True,True,True,True,True
Dingling,33420,2016-12-22 12:00:00+08:00,True,True,True,True,True,True,True,True
Dingling,33445,2016-12-23 13:00:00+08:00,True,True,True,True,True,True,True,True
Dingling,33470,2016-12-24 14:00:00+08:00,True,True,True,True,True,True,True,True
Dingling,33495,2016-12-25 15:00:00+08:00,False,False,True,True,True,True,True,True
Dingling,33520,2016-12-26 16:00:00+08:00,False,True,False,True,True,True,True,True
Dingling,33545,2016-12-27 17:00:00+08:00,False,True,False,True,True,True,True,True
Dingling,33570,2016-12-28 18:00:00+08:00,True,True,True,True,True,True,True,True
Dingling,33595,2016-12-29 19:00:00+08:00,True,True,True,True,True,True,True,True
Dingling,33620,2016-12-30 20:00:00+08:00,True,True,True,True,True,True,True,True
Dingling,33645,2016-12-31 21:00:00+08:00,True,True,True,True,True,True,True,True
Dingling,33670,2017-01-01 22:00:00+08:00,True,True,True,True,True,True,True,True
Dingling,33695,2017-01-02 23:00:00+08:00,True,True,True,True,True,True,True,True
Dingling,33720,2017-01-04 00:00:00+08:00,True,True,True,True,True,True,True,True
Dingling,33745,2017-01-05 01:00:00+08:00,True,True,True,True,True,True,True,True
Dingling,33770,2017-01-06 02:00:00+08:00,False,True,False,True,True,True,True,True
Dingling,33795,2017-01-07 03:00:00+08:00,True,True,True,True,True,True,True,True
Dingling,33820,2017-01-08 04:00:00+08:00,True,True,True,True,True,True,True,True
Dingling,33845,2017-01-09 05:00:00+08:00,True,True,True,True,True,True,True,True
Dingling,33870,2017-01-10 06:00:00+08:00,True,True,True,True,True,True,True,True
Dingling,33895,2017-01-11 07:00:00+08:00,True,True,True,True,True,True,True,True
Dingling,33920,2017-01-12 08:00:00+08:00,True,True,True,True,True,True,True,True
Dingling,33945,2017-01-13 09:00:00+08:00,True,True,True,True,True,True,True,True
Dingling,33970,2017-01-14 10:00:00+08:00,True,True,True,True,True,True,True,True
Dingling,33995,2017-01-15 11:00:00+08:00,True,True,True,True,True,True,True,True
Dingling,34020,2017-01-16 12:00:00+08:00,True,True,True,True,True,True,True,True
Dingling,34045,2017-01-17 13:00:00+08:00,True,True,True,True,True,True,True,True
Dingling,34070,2017-01-18 14:00:00+08:00,True,True,True,True,True,True,True,True
Dingling,34095,2017-01-19 15:00:00+08:00,True,True,True,True,True,True,True,True
Dingling,34120,2017-01-20 16:00:00+08:00,True,True,True,True,True,True,True,True
Dingling,34145,2017-01-21 17:00:00+08:00,True,True,True,True,True,True,True,True
Dingling,34170,2017-01-22 18:00:00+08:00,True,True,True,True,True,True,True,True
Dingling,34195,2017-01-23 19:00:00+08:00,True,True,True,True,True,True,True,True
Dingling,34220,2017-01-24 20:00:00+08:00,True,True,True,True,True,True,True,True
Dingling,34245,2017-01-25 21:00:00+08:00,False,True,False,True,True,True,True,True
Dingling,34270,2017-01-26 22:00:00+08:00,True,True,True,True,True,True,True,True
Dingling,34295,2017-01-27 23:00:00+08:00,True,True,True,True,True,True,True,True
Dingling,34320,2017-01-29 00:00:00+08:00,True,True,True,True,True,True,True,True
Dingling,34345,2017-01-30 01:00:00+08:00,True,True,True,True,True,True,True,True
Dingling,34370,2017-01-31 02:00:00+08:00,True,True,True,True,True,True,True,True
Dingling,34395,2017-02-01 03:00:00+08:00,False,True,False,True,True,True,True,True
Dingling,34420,2017-02-02 04:00:00+08:00,True,True,True,True,True,True,True,True
Dingling,34445,2017-02-03 05:00:00+08:00,True,True,True,True,True,True,True,True
Dingling,34470,2017-02-04 06:00:00+08:00,True,True,True,True,True,True,True,True
Dingling,34495,2017-02-05 07:00:00+08:00,True,True,True,True,True,True,True,True
Dingling,34520,2017-02-06 08:00:00+08:00,True,True,True,True,True,True,True,True
Dingling,34545,2017-02-07 09:00:00+08:00,True,True,True,True,True,True,True,True
Dingling,34570,2017-02-08 10:00:00+08:00,True,True,True,True,True,True,True,True
Dingling,34595,2017-02-09 11:00:00+08:00,False,True,False,True,True,True,True,True
Dingling,34620,2017-02-10 12:00:00+08:00,True,True,True,True,True,True,True,True
Dingling,34645,2017-02-11 13:00:00+08:00,True,True,True,True,True,True,True,True
Dingling,34670,2017-02-12 14:00:00+08:00,True,True,True,True,True,True,True,True
Dingling,34695,2017-02-13 15:00:00+08:00,True,True,True,True,True,True,True,True
Dingling,34720,2017-02-14 16:00:00+08:00,True,True,True,True,True,True,True,True
Dingling,34745,2017-02-15 17:00:00+08:00,True,True,True,True,True,True,True,True
Dingling,34770,2017-02-16 18:00:00+08:00,True,True,True,True,True,True,True,True
Dingling,34795,2017-02-17 19:00:00+08:00,True,True,True,True,True,True,True,True
Dingling,34820,2017-02-18 20:00:00+08:00,True,True,True,True,True,True,True,True
Dingling,34845,2017-02-19 21:00:00+08:00,True,True,True,True,True,True,True,True
Dingling,34870,2017-02-20 22:00:00+08:00,False,True,False,True,True,True,True,True
Dingling,34895,2017-02-21 23:00:00+08:00,False,True,False,True,True,True,True,True
Dingling,34920,2017-02-23 00:00:00+08:00,True,True,True,True,True,True,True,True
Dingling,34945,2017-02-24 01:00:00+08:00,True,True,True,True,True,True,True,True
Dingling,34970,2017-02-25 02:00:00+08:00,True,True,True,True,True,True,True,True
Dingling,34995,2017-02-26 03:00:00+08:00,True,True,True,True,True,True,True,True
Dingling,35020,2017-02-27 04:00:00+08:00,True,True,True,True,True,True,True,True
Dongsi,30720,2016-09-01 00:00:00+08:00,True,True,True,True,True,True,True,True
Dongsi,30745,2016-09-02 01:00:00+08:00,True,True,True,True,True,True,True,True
Dongsi,30770,2016-09-03 02:00:00+08:00,True,True,True,True,True,True,True,True
Dongsi,30795,2016-09-04 03:00:00+08:00,True,True,True,True,True,True,True,True
Dongsi,30820,2016-09-05 04:00:00+08:00,False,True,True,False,True,True,True,True
Dongsi,30845,2016-09-06 05:00:00+08:00,False,False,True,True,True,True,True,True
Dongsi,30870,2016-09-07 06:00:00+08:00,False,False,False,True,False,True,True,True
Dongsi,30895,2016-09-08 07:00:00+08:00,False,True,False,True,False,False,True,True
Dongsi,30920,2016-09-09 08:00:00+08:00,False,True,True,True,False,False,True,True
Dongsi,30945,2016-09-10 09:00:00+08:00,False,True,True,True,True,False,True,True
Dongsi,30970,2016-09-11 10:00:00+08:00,False,False,True,True,True,False,True,True
Dongsi,30995,2016-09-12 11:00:00+08:00,False,False,False,True,True,False,True,True
Dongsi,31020,2016-09-13 12:00:00+08:00,False,True,False,False,False,False,True,True
Dongsi,31045,2016-09-14 13:00:00+08:00,False,True,True,True,False,True,True,True
Dongsi,31070,2016-09-15 14:00:00+08:00,True,True,True,True,True,True,True,True
Dongsi,31095,2016-09-16 15:00:00+08:00,True,True,True,True,True,True,True,True
Dongsi,31120,2016-09-17 16:00:00+08:00,True,True,True,True,True,True,True,True
Dongsi,31145,2016-09-18 17:00:00+08:00,False,True,True,False,True,True,True,True
Dongsi,31170,2016-09-19 18:00:00+08:00,True,True,True,True,True,True,True,True
Dongsi,31195,2016-09-20 19:00:00+08:00,True,True,True,True,True,True,True,True
Dongsi,31220,2016-09-21 20:00:00+08:00,True,True,True,True,True,True,True,True
Dongsi,31245,2016-09-22 21:00:00+08:00,True,True,True,True,True,True,True,True
Dongsi,31270,2016-09-23 22:00:00+08:00,False,True,False,True,True,True,True,True
Dongsi,31295,2016-09-24 23:00:00+08:00,True,True,True,True,True,True,True,True
Dongsi,31320,2016-09-26 00:00:00+08:00,True,True,True,True,True,True,True,True
Dongsi,31345,2016-09-27 01:00:00+08:00,True,True,True,True,True,True,True,True
Dongsi,31370,2016-09-28 02:00:00+08:00,False,True,False,True,True,True,True,True
Dongsi,31395,2016-09-29 03:00:00+08:00,True,True,True,True,True,True,True,True
Dongsi,31420,2016-09-30 04:00:00+08:00,False,True,True,False,True,True,True,True
Dongsi,31445,2016-10-01 05:00:00+08:00,True,True,True,True,True,True,True,True
Dongsi,31470,2016-10-02 06:00:00+08:00,True,True,True,True,True,True,True,True
Dongsi,31495,2016-10-03 07:00:00+08:00,True,True,True,True,True,True,True,True
Dongsi,31520,2016-10-04 08:00:00+08:00,False,False,True,True,True,True,True,True
Dongsi,31545,2016-10-05 09:00:00+08:00,False,False,False,True,False,False,True,True
Dongsi,31570,2016-10-06 10:00:00+08:00,False,True,False,True,False,False,True,True
Dongsi,31595,2016-10-07 11:00:00+08:00,False,True,True,True,False,False,True,True
Dongsi,31620,2016-10-08 12:00:00+08:00,False,True,True,True,True,False,True,True
Dongsi,31645,2016-10-09 13:00:00+08:00,False,True,True,True,True,False,True,True
Dongsi,31670,2016-10-10 14:00:00+08:00,False,True,True,True,True,False,True,True
Dongsi,31695,2016-10-11 15:00:00+08:00,False,True,True,False,True,False,True,True
Dongsi,31720,2016-10-12 16:00:00+08:00,True,True,True,True,True,True,True,True
Dongsi,31745,2016-10-13 17:00:00+08:00,True,True,True,True,True,True,True,True
Dongsi,31770,2016-10-14 18:00:00+08:00,False,True,False,True,True,True,True,True
Dongsi,31795,2016-10-15 19:00:00+08:00,False,True,False,True,True,True,True,True
Dongsi,31820,2016-10-16 20:00:00+08:00,True,True,True,True,True,True,True,True
Dongsi,31845,2016-10-17 21:00:00+08:00,True,True,True,True,True,True,True,True
Dongsi,31870,2016-10-18 22:00:00+08:00,True,True,True,True,True,True,True,True
Dongsi,31895,2016-10-19 23:00:00+08:00,True,True,True,True,True,True,True,True
Dongsi,31920,2016-10-21 00:00:00+08:00,True,True,True,True,True,True,True,True
Dongsi,31945,2016-10-22 01:00:00+08:00,False,True,True,False,True,True,True,True
Dongsi,31970,2016-10-23 02:00:00+08:00,True,True,True,True,True,True,True,True
Dongsi,31995,2016-10-24 03:00:00+08:00,True,True,True,True,True,True,True,True
Dongsi,32020,2016-10-25 04:00:00+08:00,True,True,True,True,True,True,True,True
Dongsi,32045,2016-10-26 05:00:00+08:00,True,True,True,True,True,True,True,True
Dongsi,32070,2016-10-27 06:00:00+08:00,False,False,True,True,True,True,True,True
Dongsi,32095,2016-10-28 07:00:00+08:00,False,False,False,True,False,False,True,True
Dongsi,32120,2016-10-29 08:00:00+08:00,False,True,False,True,False,False,True,True
Dongsi,32145,2016-10-30 09:00:00+08:00,False,True,True,True,False,False,True,True
Dongsi,32170,2016-10-31 10:00:00+08:00,False,True,True,True,True,False,True,True
Dongsi,32195,2016-11-01 11:00:00+08:00,False,True,True,True,True,False,True,True
Dongsi,32220,2016-11-02 12:00:00+08:00,False,True,True,False,True,False,True,True
Dongsi,32245,2016-11-03 13:00:00+08:00,False,True,True,False,True,False,True,True
Dongsi,32270,2016-11-04 14:00:00+08:00,True,True,True,True,True,True,True,True
Dongsi,32295,2016-11-05 15:00:00+08:00,True,True,True,True,True,True,True,True
Dongsi,32320,2016-11-06 16:00:00+08:00,True,True,True,True,True,True,True,True
Dongsi,32345,2016-11-07 17:00:00+08:00,True,True,True,True,True,True,True,True
Dongsi,32370,2016-11-08 18:00:00+08:00,False,True,False,True,True,True,True,True
Dongsi,32395,2016-11-09 19:00:00+08:00,True,True,True,True,True,True,True,True
Dongsi,32420,2016-11-10 20:00:00+08:00,True,True,True,True,True,True,True,True
Dongsi,32445,2016-11-11 21:00:00+08:00,True,True,True,True,True,True,True,True
Dongsi,32470,2016-11-12 22:00:00+08:00,True,True,True,True,True,True,True,True
Dongsi,32495,2016-11-13 23:00:00+08:00,True,True,True,True,True,True,True,True
Dongsi,32520,2016-11-15 00:00:00+08:00,True,True,True,True,True,True,True,True
Dongsi,32545,2016-11-16 01:00:00+08:00,True,True,True,True,True,True,True,True
Dongsi,32570,2016-11-17 02:00:00+08:00,True,True,True,True,True,True,True,True
Dongsi,32595,2016-11-18 03:00:00+08:00,True,True,True,True,True,True,True,True
Dongsi,32620,2016-11-19 04:00:00+08:00,True,True,True,True,True,True,True,True
Dongsi,32645,2016-11-20 05:00:00+08:00,True,True,True,True,True,True,True,True
Dongsi,32670,2016-11-21 06:00:00+08:00,True,True,True,True,True,True,True,True
Dongsi,32695,2016-11-22 07:00:00+08:00,True,True,True,True,True,True,True,True
Dongsi,32720,2016-11-23 08:00:00+08:00,True,True,True,True,True,True,True,True
Dongsi,32745,2016-11-24 09:00:00+08:00,False,True,False,True,True,True,True,True
Dongsi,32770,2016-11-25 10:00:00+08:00,True,True,True,True,True,True,True,True
Dongsi,32795,2016-11-26 11:00:00+08:00,True,True,True,True,True,True,True,True
Dongsi,32820,2016-11-27 12:00:00+08:00,True,True,True,True,True,True,True,True
Dongsi,32845,2016-11-28 13:00:00+08:00,True,True,True,True,True,True,True,True
Dongsi,32870,2016-11-29 14:00:00+08:00,True,True,True,True,True,True,True,True
Dongsi,32895,2016-11-30 15:00:00+08:00,True,True,True,True,True,True,True,True
Dongsi,32920,2016-12-01 16:00:00+08:00,True,True,True,True,True,True,True,True
Dongsi,32945,2016-12-02 17:00:00+08:00,True,True,True,True,True,True,True,True
Dongsi,32970,2016-12-03 18:00:00+08:00,True,True,True,True,True,True,True,True
Dongsi,32995,2016-12-04 19:00:00+08:00,True,True,True,True,True,True,True,True
Dongsi,33020,2016-12-05 20:00:00+08:00,True,True,True,True,True,True,True,True
Dongsi,33045,2016-12-06 21:00:00+08:00,False,True,False,True,True,True,True,True
Dongsi,33070,2016-12-07 22:00:00+08:00,True,True,True,True,True,True,True,True
Dongsi,33095,2016-12-08 23:00:00+08:00,True,True,True,True,True,True,True,True
Dongsi,33120,2016-12-10 00:00:00+08:00,True,True,True,True,True,True,True,True
Dongsi,33145,2016-12-11 01:00:00+08:00,True,True,True,True,True,True,True,True
Dongsi,33170,2016-12-12 02:00:00+08:00,True,True,True,True,True,True,True,True
Dongsi,33195,2016-12-13 03:00:00+08:00,True,True,True,True,True,True,True,True
Dongsi,33220,2016-12-14 04:00:00+08:00,True,True,True,True,True,True,True,True
Dongsi,33245,2016-12-15 05:00:00+08:00,True,True,True,True,True,True,True,True
Dongsi,33270,2016-12-16 06:00:00+08:00,True,True,True,True,True,True,True,True
Dongsi,33295,2016-12-17 07:00:00+08:00,True,True,True,True,True,True,True,True
Dongsi,33320,2016-12-18 08:00:00+08:00,True,True,True,True,True,True,True,True
Dongsi,33345,2016-12-19 09:00:00+08:00,True,True,True,True,True,True,True,True
Dongsi,33370,2016-12-20 10:00:00+08:00,True,True,True,True,True,True,True,True
Dongsi,33395,2016-12-21 11:00:00+08:00,True,True,True,True,True,True,True,True
Dongsi,33420,2016-12-22 12:00:00+08:00,True,True,True,True,True,True,True,True
Dongsi,33445,2016-12-23 13:00:00+08:00,True,True,True,True,True,True,True,True
Dongsi,33470,2016-12-24 14:00:00+08:00,True,True,True,True,True,True,True,True
Dongsi,33495,2016-12-25 15:00:00+08:00,True,True,True,True,True,True,True,True
Dongsi,33520,2016-12-26 16:00:00+08:00,True,True,True,True,True,True,True,True
Dongsi,33545,2016-12-27 17:00:00+08:00,True,True,True,True,True,True,True,True
Dongsi,33570,2016-12-28 18:00:00+08:00,True,True,True,True,True,True,True,True
Dongsi,33595,2016-12-29 19:00:00+08:00,False,True,False,True,True,True,True,True
Dongsi,33620,2016-12-30 20:00:00+08:00,True,True,True,True,True,True,True,True
Dongsi,33645,2016-12-31 21:00:00+08:00,True,True,True,True,True,True,True,True
Dongsi,33670,2017-01-01 22:00:00+08:00,True,True,True,True,True,True,True,True
Dongsi,33695,2017-01-02 23:00:00+08:00,True,True,True,True,True,True,True,True
Dongsi,33720,2017-01-04 00:00:00+08:00,True,True,True,True,True,True,True,True
Dongsi,33745,2017-01-05 01:00:00+08:00,True,True,True,True,True,True,True,True
Dongsi,33770,2017-01-06 02:00:00+08:00,True,True,True,True,True,True,True,True
Dongsi,33795,2017-01-07 03:00:00+08:00,True,True,True,True,True,True,True,True
Dongsi,33820,2017-01-08 04:00:00+08:00,True,True,True,True,True,True,True,True
Dongsi,33845,2017-01-09 05:00:00+08:00,True,True,True,True,True,True,True,True
Dongsi,33870,2017-01-10 06:00:00+08:00,True,True,True,True,True,True,True,True
Dongsi,33895,2017-01-11 07:00:00+08:00,True,True,True,True,True,True,True,True
Dongsi,33920,2017-01-12 08:00:00+08:00,True,True,True,True,True,True,True,True
Dongsi,33945,2017-01-13 09:00:00+08:00,True,True,True,True,True,True,True,True
Dongsi,33970,2017-01-14 10:00:00+08:00,True,True,True,True,True,True,True,True
Dongsi,33995,2017-01-15 11:00:00+08:00,True,True,True,True,True,True,True,True
Dongsi,34020,2017-01-16 12:00:00+08:00,True,True,True,True,True,True,True,True
Dongsi,34045,2017-01-17 13:00:00+08:00,True,True,True,True,True,True,True,True
Dongsi,34070,2017-01-18 14:00:00+08:00,True,True,True,True,True,True,True,True
Dongsi,34095,2017-01-19 15:00:00+08:00,True,True,True,True,True,True,True,True
Dongsi,34120,2017-01-20 16:00:00+08:00,True,True,True,True,True,True,True,True
Dongsi,34145,2017-01-21 17:00:00+08:00,True,True,True,True,True,True,True,True
Dongsi,34170,2017-01-22 18:00:00+08:00,True,True,True,True,True,True,True,True
Dongsi,34195,2017-01-23 19:00:00+08:00,True,True,True,True,True,True,True,True
Dongsi,34220,2017-01-24 20:00:00+08:00,True,True,True,True,True,True,True,True
Dongsi,34245,2017-01-25 21:00:00+08:00,False,True,False,True,True,True,True,True
Dongsi,34270,2017-01-26 22:00:00+08:00,True,True,True,True,True,True,True,True
Dongsi,34295,2017-01-27 23:00:00+08:00,True,True,True,True,True,True,True,True
Dongsi,34320,2017-01-29 00:00:00+08:00,True,True,True,True,True,True,True,True
Dongsi,34345,2017-01-30 01:00:00+08:00,True,True,True,True,True,True,True,True
Dongsi,34370,2017-01-31 02:00:00+08:00,True,True,True,True,True,True,True,True
Dongsi,34395,2017-02-01 03:00:00+08:00,True,True,True,True,True,True,True,True
Dongsi,34420,2017-02-02 04:00:00+08:00,False,False,True,True,True,True,True,True
Dongsi,34445,2017-02-03 05:00:00+08:00,False,True,False,True,False,True,True,True
Dongsi,34470,2017-02-04 06:00:00+08:00,False,True,True,True,False,True,True,True
Dongsi,34495,2017-02-05 07:00:00+08:00,False,True,True,True,False,True,True,True
Dongsi,34520,2017-02-06 08:00:00+08:00,True,True,True,True,True,True,True,True
Dongsi,34545,2017-02-07 09:00:00+08:00,False,True,False,True,True,True,True,True
Dongsi,34570,2017-02-08 10:00:00+08:00,False,True,True,False,True,True,True,True
Dongsi,34595,2017-02-09 11:00:00+08:00,False,True,False,False,True,True,True,True
Dongsi,34620,2017-02-10 12:00:00+08:00,True,True,True,True,True,True,True,True
Dongsi,34645,2017-02-11 13:00:00+08:00,True,True,True,True,True,True,True,True
Dongsi,34670,2017-02-12 14:00:00+08:00,True,True,True,True,True,True,True,True
Dongsi,34695,2017-02-13 15:00:00+08:00,True,True,True,True,True,True,True,True
Dongsi,34720,2017-02-14 16:00:00+08:00,True,True,True,True,True,True,True,True
Dongsi,34745,2017-02-15 17:00:00+08:00,False,True,False,True,True,True,True,True
Dongsi,34770,2017-02-16 18:00:00+08:00,True,True,True,True,True,True,True,True
Dongsi,34795,2017-02-17 19:00:00+08:00,True,True,True,True,True,True,True,True
Dongsi,34820,2017-02-18 20:00:00+08:00,True,True,True,True,True,True,True,True
Dongsi,34845,2017-02-19 21:00:00+08:00,True,True,True,True,True,True,True,True
Dongsi,34870,2017-02-20 22:00:00+08:00,False,False,False,True,True,True,True,True
Dongsi,34895,2017-02-21 23:00:00+08:00,False,True,False,True,False,True,True,True
Dongsi,34920,2017-02-23 00:00:00+08:00,False,True,False,True,False,True,True,True
Dongsi,34945,2017-02-24 01:00:00+08:00,False,True,True,True,False,True,True,True
Dongsi,34970,2017-02-25 02:00:00+08:00,True,True,True,True,True,True,True,True
Dongsi,34995,2017-02-26 03:00:00+08:00,True,True,True,True,True,True,True,True
Dongsi,35020,2017-02-27 04:00:00+08:00,False,True,True,False,True,True,True,True
Guanyuan,30720,2016-09-01 00:00:00+08:00,True,True,True,True,True,True,True,True
Guanyuan,30745,2016-09-02 01:00:00+08:00,True,True,True,True,True,True,True,True
Guanyuan,30770,2016-09-03 02:00:00+08:00,True,True,True,True,True,True,True,True
Guanyuan,30795,2016-09-04 03:00:00+08:00,True,True,True,True,True,True,True,True
Guanyuan,30820,2016-09-05 04:00:00+08:00,True,True,True,True,True,True,True,True
Guanyuan,30845,2016-09-06 05:00:00+08:00,False,False,True,True,True,True,True,True
Guanyuan,30870,2016-09-07 06:00:00+08:00,False,False,False,True,False,True,True,True
Guanyuan,30895,2016-09-08 07:00:00+08:00,False,True,False,True,False,False,True,True
Guanyuan,30920,2016-09-09 08:00:00+08:00,False,True,True,True,False,False,True,True
Guanyuan,30945,2016-09-10 09:00:00+08:00,False,True,True,True,True,False,True,True
Guanyuan,30970,2016-09-11 10:00:00+08:00,False,True,True,True,True,False,True,True
Guanyuan,30995,2016-09-12 11:00:00+08:00,False,True,True,True,True,False,True,True
Guanyuan,31020,2016-09-13 12:00:00+08:00,False,True,True,False,True,False,True,True
Guanyuan,31045,2016-09-14 13:00:00+08:00,True,True,True,True,True,True,True,True
Guanyuan,31070,2016-09-15 14:00:00+08:00,True,True,True,True,True,True,True,True
Guanyuan,31095,2016-09-16 15:00:00+08:00,True,True,True,True,True,True,True,True
Guanyuan,31120,2016-09-17 16:00:00+08:00,True,True,True,True,True,True,True,True
Guanyuan,31145,2016-09-18 17:00:00+08:00,True,True,True,True,True,True,True,True
Guanyuan,31170,2016-09-19 18:00:00+08:00,True,True,True,True,True,True,True,True
Guanyuan,31195,2016-09-20 19:00:00+08:00,True,True,True,True,True,True,True,True
Guanyuan,31220,2016-09-21 20:00:00+08:00,False,True,False,True,True,True,True,True
Guanyuan,31245,2016-09-22 21:00:00+08:00,False,False,True,True,True,True,True,True
Guanyuan,31270,2016-09-23 22:00:00+08:00,False,True,False,True,True,True,True,True
Guanyuan,31295,2016-09-24 23:00:00+08:00,True,True,True,True,True,True,True,True
Guanyuan,31320,2016-09-26 00:00:00+08:00,True,True,True,True,True,True,True,True
Guanyuan,31345,2016-09-27 01:00:00+08:00,True,True,True,True,True,True,True,True
Guanyuan,31370,2016-09-28 02:00:00+08:00,True,True,True,True,True,True,True,True
Guanyuan,31395,2016-09-29 03:00:00+08:00,False,True,False,False,True,True,True,True
Guanyuan,31420,2016-09-30 04:00:00+08:00,True,True,True,True,True,True,True,True
Guanyuan,31445,2016-10-01 05:00:00+08:00,True,True,True,True,True,True,True,True
Guanyuan,31470,2016-10-02 06:00:00+08:00,True,True,True,True,True,True,True,True
Guanyuan,31495,2016-10-03 07:00:00+08:00,True,True,True,True,True,True,True,True
Guanyuan,31520,2016-10-04 08:00:00+08:00,True,True,True,True,True,True,True,True
Guanyuan,31545,2016-10-05 09:00:00+08:00,True,True,True,True,True,True,True,True
Guanyuan,31570,2016-10-06 10:00:00+08:00,True,True,True,True,True,True,True,True
Guanyuan,31595,2016-10-07 11:00:00+08:00,True,True,True,True,True,True,True,True
Guanyuan,31620,2016-10-08 12:00:00+08:00,True,True,True,True,True,True,True,True
Guanyuan,31645,2016-10-09 13:00:00+08:00,True,True,True,True,True,True,True,True
Guanyuan,31670,2016-10-10 14:00:00+08:00,False,True,False,True,True,True,True,True
Guanyuan,31695,2016-10-11 15:00:00+08:00,True,True,True,True,True,True,True,True
Guanyuan,31720,2016-10-12 16:00:00+08:00,True,True,True,True,True,True,True,True
Guanyuan,31745,2016-10-13 17:00:00+08:00,True,True,True,True,True,True,True,True
Guanyuan,31770,2016-10-14 18:00:00+08:00,True,True,True,True,True,True,True,True
Guanyuan,31795,2016-10-15 19:00:00+08:00,False,True,False,True,True,True,True,True
Guanyuan,31820,2016-10-16 20:00:00+08:00,True,True,True,True,True,True,True,True
Guanyuan,31845,2016-10-17 21:00:00+08:00,True,True,True,True,True,True,True,True
Guanyuan,31870,2016-10-18 22:00:00+08:00,True,True,True,True,True,True,True,True
Guanyuan,31895,2016-10-19 23:00:00+08:00,False,True,False,True,True,True,True,True
Guanyuan,31920,2016-10-21 00:00:00+08:00,True,True,True,True,True,True,True,True
Guanyuan,31945,2016-10-22 01:00:00+08:00,True,True,True,True,True,True,True,True
Guanyuan,31970,2016-10-23 02:00:00+08:00,True,True,True,True,True,True,True,True
Guanyuan,31995,2016-10-24 03:00:00+08:00,True,True,True,True,True,True,True,True
Guanyuan,32020,2016-10-25 04:00:00+08:00,True,True,True,True,True,True,True,True
Guanyuan,32045,2016-10-26 05:00:00+08:00,True,True,True,True,True,True,True,True
Guanyuan,32070,2016-10-27 06:00:00+08:00,True,True,True,True,True,True,True,True
Guanyuan,32095,2016-10-28 07:00:00+08:00,False,False,True,True,True,True,True,True
Guanyuan,32120,2016-10-29 08:00:00+08:00,False,True,False,True,True,True,True,True
Guanyuan,32145,2016-10-30 09:00:00+08:00,True,True,True,True,True,True,True,True
Guanyuan,32170,2016-10-31 10:00:00+08:00,True,True,True,True,True,True,True,True
Guanyuan,32195,2016-11-01 11:00:00+08:00,True,True,True,True,True,True,True,True
Guanyuan,32220,2016-11-02 12:00:00+08:00,True,True,True,True,True,True,True,True
Guanyuan,32245,2016-11-03 13:00:00+08:00,False,True,True,False,True,True,True,True
Guanyuan,32270,2016-11-04 14:00:00+08:00,True,True,True,True,True,True,True,True
Guanyuan,32295,2016-11-05 15:00:00+08:00,True,True,True,True,True,True,True,True
Guanyuan,32320,2016-11-06 16:00:00+08:00,True,True,True,True,True,True,True,True
Guanyuan,32345,2016-11-07 17:00:00+08:00,True,True,True,True,True,True,True,True
Guanyuan,32370,2016-11-08 18:00:00+08:00,True,True,True,True,True,True,True,True
Guanyuan,32395,2016-11-09 19:00:00+08:00,True,True,True,True,True,True,True,True
Guanyuan,32420,2016-11-10 20:00:00+08:00,True,True,True,True,True,True,True,True
Guanyuan,32445,2016-11-11 21:00:00+08:00,True,True,True,True,True,True,True,True
Guanyuan,32470,2016-11-12 22:00:00+08:00,True,True,True,True,True,True,True,True
Guanyuan,32495,2016-11-13 23:00:00+08:00,True,True,True,True,True,True,True,True
Guanyuan,32520,2016-11-15 00:00:00+08:00,True,True,True,True,True,True,True,True
Guanyuan,32545,2016-11-16 01:00:00+08:00,True,True,True,True,True,True,True,True
Guanyuan,32570,2016-11-17 02:00:00+08:00,True,True,True,True,True,True,True,True
Guanyuan,32595,2016-11-18 03:00:00+08:00,True,True,True,True,True,True,True,True
Guanyuan,32620,2016-11-19 04:00:00+08:00,True,True,True,True,True,True,True,True
Guanyuan,32645,2016-11-20 05:00:00+08:00,True,True,True,True,True,True,True,True
Guanyuan,32670,2016-11-21 06:00:00+08:00,True,True,True,True,True,True,True,True
Guanyuan,32695,2016-11-22 07:00:00+08:00,True,True,True,True,True,True,True,True
Guanyuan,32720,2016-11-23 08:00:00+08:00,True,True,True,True,True,True,True,True
Guanyuan,32745,2016-11-24 09:00:00+08:00,True,True,True,True,True,True,True,True
Guanyuan,32770,2016-11-25 10:00:00+08:00,False,True,False,True,True,True,True,True
Guanyuan,32795,2016-11-26 11:00:00+08:00,True,True,True,True,True,True,True,True
Guanyuan,32820,2016-11-27 12:00:00+08:00,True,True,True,True,True,True,True,True
Guanyuan,32845,2016-11-28 13:00:00+08:00,True,True,True,True,True,True,True,True
Guanyuan,32870,2016-11-29 14:00:00+08:00,False,True,False,True,True,True,True,True
Guanyuan,32895,2016-11-30 15:00:00+08:00,True,True,True,True,True,True,True,True
Guanyuan,32920,2016-12-01 16:00:00+08:00,True,True,True,True,True,True,True,True
Guanyuan,32945,2016-12-02 17:00:00+08:00,True,True,True,True,True,True,True,True
Guanyuan,32970,2016-12-03 18:00:00+08:00,True,True,True,True,True,True,True,True
Guanyuan,32995,2016-12-04 19:00:00+08:00,True,True,True,True,True,True,True,True
Guanyuan,33020,2016-12-05 20:00:00+08:00,True,True,True,True,True,True,True,True
Guanyuan,33045,2016-12-06 21:00:00+08:00,False,True,False,True,True,True,True,True
Guanyuan,33070,2016-12-07 22:00:00+08:00,True,True,True,True,True,True,True,True
Guanyuan,33095,2016-12-08 23:00:00+08:00,True,True,True,True,True,True,True,True
Guanyuan,33120,2016-12-10 00:00:00+08:00,True,True,True,True,True,True,True,True
Guanyuan,33145,2016-12-11 01:00:00+08:00,True,True,True,True,True,True,True,True
Guanyuan,33170,2016-12-12 02:00:00+08:00,True,True,True,True,True,True,True,True
Guanyuan,33195,2016-12-13 03:00:00+08:00,True,True,True,True,True,True,True,True
Guanyuan,33220,2016-12-14 04:00:00+08:00,True,True,True,True,True,True,True,True
Guanyuan,33245,2016-12-15 05:00:00+08:00,False,True,False,True,True,True,True,True
Guanyuan,33270,2016-12-16 06:00:00+08:00,True,True,True,True,True,True,True,True
Guanyuan,33295,2016-12-17 07:00:00+08:00,True,True,True,True,True,True,True,True
Guanyuan,33320,2016-12-18 08:00:00+08:00,True,True,True,True,True,True,True,True
Guanyuan,33345,2016-12-19 09:00:00+08:00,True,True,True,True,True,True,True,True
Guanyuan,33370,2016-12-20 10:00:00+08:00,True,True,True,True,True,True,True,True
Guanyuan,33395,2016-12-21 11:00:00+08:00,True,True,True,True,True,True,True,True
Guanyuan,33420,2016-12-22 12:00:00+08:00,True,True,True,True,True,True,True,True
Guanyuan,33445,2016-12-23 13:00:00+08:00,True,True,True,True,True,True,True,True
Guanyuan,33470,2016-12-24 14:00:00+08:00,True,True,True,True,True,True,True,True
Guanyuan,33495,2016-12-25 15:00:00+08:00,True,True,True,True,True,True,True,True
Guanyuan,33520,2016-12-26 16:00:00+08:00,True,True,True,True,True,True,True,True
Guanyuan,33545,2016-12-27 17:00:00+08:00,True,True,True,True,True,True,True,True
Guanyuan,33570,2016-12-28 18:00:00+08:00,True,True,True,True,True,True,True,True
Guanyuan,33595,2016-12-29 19:00:00+08:00,False,True,False,True,True,True,True,True
Guanyuan,33620,2016-12-30 20:00:00+08:00,True,True,True,True,True,True,True,True
Guanyuan,33645,2016-12-31 21:00:00+08:00,True,True,True,True,True,True,True,True
Guanyuan,33670,2017-01-01 22:00:00+08:00,True,True,True,True,True,True,True,True
Guanyuan,33695,2017-01-02 23:00:00+08:00,False,False,True,True,True,True,True,True
Guanyuan,33720,2017-01-04 00:00:00+08:00,False,False,False,True,False,True,True,True
Guanyuan,33745,2017-01-05 01:00:00+08:00,False,True,False,True,False,False,True,True
Guanyuan,33770,2017-01-06 02:00:00+08:00,False,True,True,True,False,False,True,True
Guanyuan,33795,2017-01-07 03:00:00+08:00,False,True,True,True,False,False,True,True
Guanyuan,33820,2017-01-08 04:00:00+08:00,False,True,True,True,True,False,True,True
Guanyuan,33845,2017-01-09 05:00:00+08:00,False,True,True,True,True,False,True,True
Guanyuan,33870,2017-01-10 06:00:00+08:00,False,True,False,False,True,False,True,True
Guanyuan,33895,2017-01-11 07:00:00+08:00,False,True,True,False,True,True,True,True
Guanyuan,33920,2017-01-12 08:00:00+08:00,True,True,True,True,True,True,True,True
Guanyuan,33945,2017-01-13 09:00:00+08:00,True,True,True,True,True,True,True,True
Guanyuan,33970,2017-01-14 10:00:00+08:00,True,True,True,True,True,True,True,True
Guanyuan,33995,2017-01-15 11:00:00+08:00,True,True,True,True,True,True,True,True
Guanyuan,34020,2017-01-16 12:00:00+08:00,True,True,True,True,True,True,True,True
Guanyuan,34045,2017-01-17 13:00:00+08:00,False,False,True,True,True,True,True,True
Guanyuan,34070,2017-01-18 14:00:00+08:00,True,True,True,True,True,True,True,True
Guanyuan,34095,2017-01-19 15:00:00+08:00,True,True,True,True,True,True,True,True
Guanyuan,34120,2017-01-20 16:00:00+08:00,True,True,True,True,True,True,True,True
Guanyuan,34145,2017-01-21 17:00:00+08:00,True,True,True,True,True,True,True,True
Guanyuan,34170,2017-01-22 18:00:00+08:00,True,True,True,True,True,True,True,True
Guanyuan,34195,2017-01-23 19:00:00+08:00,True,True,True,True,True,True,True,True
Guanyuan,34220,2017-01-24 20:00:00+08:00,True,True,True,True,True,True,True,True
Guanyuan,34245,2017-01-25 21:00:00+08:00,False,True,False,True,True,True,True,True
Guanyuan,34270,2017-01-26 22:00:00+08:00,True,True,True,True,True,True,True,True
Guanyuan,34295,2017-01-27 23:00:00+08:00,True,True,True,True,True,True,True,True
Guanyuan,34320,2017-01-29 00:00:00+08:00,True,True,True,True,True,True,True,True
Guanyuan,34345,2017-01-30 01:00:00+08:00,True,True,True,True,True,True,True,True
Guanyuan,34370,2017-01-31 02:00:00+08:00,True,True,True,True,True,True,True,True
Guanyuan,34395,2017-02-01 03:00:00+08:00,True,True,True,True,True,True,True,True
Guanyuan,34420,2017-02-02 04:00:00+08:00,False,True,False,True,True,True,True,True
Guanyuan,34445,2017-02-03 05:00:00+08:00,True,True,True,True,True,True,True,True
Guanyuan,34470,2017-02-04 06:00:00+08:00,True,True,True,True,True,True,True,True
Guanyuan,34495,2017-02-05 07:00:00+08:00,False,True,False,True,True,True,True,True
Guanyuan,34520,2017-02-06 08:00:00+08:00,True,True,True,True,True,True,True,True
Guanyuan,34545,2017-02-07 09:00:00+08:00,True,True,True,True,True,True,True,True
Guanyuan,34570,2017-02-08 10:00:00+08:00,True,True,True,True,True,True,True,True
Guanyuan,34595,2017-02-09 11:00:00+08:00,False,True,False,True,True,True,True,True
Guanyuan,34620,2017-02-10 12:00:00+08:00,True,True,True,True,True,True,True,True
Guanyuan,34645,2017-02-11 13:00:00+08:00,False,True,True,False,True,True,True,True
Guanyuan,34670,2017-02-12 14:00:00+08:00,True,True,True,True,True,True,True,True
Guanyuan,34695,2017-02-13 15:00:00+08:00,True,True,True,True,True,True,True,True
Guanyuan,34720,2017-02-14 16:00:00+08:00,True,True,True,True,True,True,True,True
Guanyuan,34745,2017-02-15 17:00:00+08:00,True,True,True,True,True,True,True,True
Guanyuan,34770,2017-02-16 18:00:00+08:00,True,True,True,True,True,True,True,True
Guanyuan,34795,2017-02-17 19:00:00+08:00,True,True,True,True,True,True,True,True
Guanyuan,34820,2017-02-18 20:00:00+08:00,True,True,True,True,True,True,True,True
Guanyuan,34845,2017-02-19 21:00:00+08:00,True,True,True,True,True,True,True,True
Guanyuan,34870,2017-02-20 22:00:00+08:00,False,False,False,True,True,True,True,True
Guanyuan,34895,2017-02-21 23:00:00+08:00,False,True,False,True,False,True,True,True
Guanyuan,34920,2017-02-23 00:00:00+08:00,False,True,True,True,False,True,True,True
Guanyuan,34945,2017-02-24 01:00:00+08:00,True,True,True,True,True,True,True,True
Guanyuan,34970,2017-02-25 02:00:00+08:00,True,True,True,True,True,True,True,True
Guanyuan,34995,2017-02-26 03:00:00+08:00,True,True,True,True,True,True,True,True
Guanyuan,35020,2017-02-27 04:00:00+08:00,False,False,True,False,True,True,True,True
Gucheng,30720,2016-09-01 00:00:00+08:00,True,True,True,True,True,True,True,True
Gucheng,30745,2016-09-02 01:00:00+08:00,True,True,True,True,True,True,True,True
Gucheng,30770,2016-09-03 02:00:00+08:00,True,True,True,True,True,True,True,True
Gucheng,30795,2016-09-04 03:00:00+08:00,True,True,True,True,True,True,True,True
Gucheng,30820,2016-09-05 04:00:00+08:00,True,True,True,True,True,True,True,True
Gucheng,30845,2016-09-06 05:00:00+08:00,False,False,False,True,True,True,True,True
Gucheng,30870,2016-09-07 06:00:00+08:00,False,False,False,True,False,True,True,True
Gucheng,30895,2016-09-08 07:00:00+08:00,False,True,False,True,False,False,True,True
Gucheng,30920,2016-09-09 08:00:00+08:00,False,True,True,True,False,False,True,True
Gucheng,30945,2016-09-10 09:00:00+08:00,False,True,True,True,True,False,True,True
Gucheng,30970,2016-09-11 10:00:00+08:00,False,True,True,True,True,False,True,True
Gucheng,30995,2016-09-12 11:00:00+08:00,False,True,True,False,True,False,True,True
Gucheng,31020,2016-09-13 12:00:00+08:00,False,True,True,False,True,False,True,True
Gucheng,31045,2016-09-14 13:00:00+08:00,True,True,True,True,True,True,True,True
Gucheng,31070,2016-09-15 14:00:00+08:00,True,True,True,True,True,True,True,True
Gucheng,31095,2016-09-16 15:00:00+08:00,True,True,True,True,True,True,True,True
Gucheng,31120,2016-09-17 16:00:00+08:00,True,True,True,True,True,True,True,True
Gucheng,31145,2016-09-18 17:00:00+08:00,True,True,True,True,True,True,True,True
Gucheng,31170,2016-09-19 18:00:00+08:00,True,True,True,True,True,True,True,True
Gucheng,31195,2016-09-20 19:00:00+08:00,True,True,True,True,True,True,True,True
Gucheng,31220,2016-09-21 20:00:00+08:00,False,True,False,True,True,True,True,True
Gucheng,31245,2016-09-22 21:00:00+08:00,False,False,False,True,True,True,True,True
Gucheng,31270,2016-09-23 22:00:00+08:00,False,True,False,True,False,True,True,True
Gucheng,31295,2016-09-24 23:00:00+08:00,True,True,True,True,True,True,True,True
Gucheng,31320,2016-09-26 00:00:00+08:00,True,True,True,True,True,True,True,True
Gucheng,31345,2016-09-27 01:00:00+08:00,False,True,False,True,True,True,True,True
Gucheng,31370,2016-09-28 02:00:00+08:00,False,True,True,False,True,True,True,True
Gucheng,31395,2016-09-29 03:00:00+08:00,False,False,False,False,True,True,True,True
Gucheng,31420,2016-09-30 04:00:00+08:00,False,False,False,True,False,True,True,True
Gucheng,31445,2016-10-01 05:00:00+08:00,False,True,False,True,False,False,True,True
Gucheng,31470,2016-10-02 06:00:00+08:00,False,True,True,True,False,False,True,True
Gucheng,31495,2016-10-03 07:00:00+08:00,False,True,True,True,True,False,True,True
Gucheng,31520,2016-10-04 08:00:00+08:00,False,True,True,True,True,False,True,True
Gucheng,31545,2016-10-05 09:00:00+08:00,False,True,True,True,True,False,True,True
Gucheng,31570,2016-10-06 10:00:00+08:00,False,True,True,False,True,False,True,True
Gucheng,31595,2016-10-07 11:00:00+08:00,False,True,True,False,True,True,True,True
Gucheng,31620,2016-10-08 12:00:00+08:00,True,True,True,True,True,True,True,True
Gucheng,31645,2016-10-09 13:00:00+08:00,True,True,True,True,True,True,True,True
Gucheng,31670,2016-10-10 14:00:00+08:00,True,True,True,True,True,True,True,True
Gucheng,31695,2016-10-11 15:00:00+08:00,True,True,True,True,True,True,True,True
Gucheng,31720,2016-10-12 16:00:00+08:00,True,True,True,True,True,True,True,True
Gucheng,31745,2016-10-13 17:00:00+08:00,False,True,False,True,True,True,True,True
Gucheng,31770,2016-10-14 18:00:00+08:00,True,True,True,True,True,True,True,True
Gucheng,31795,2016-10-15 19:00:00+08:00,False,True,False,True,True,True,True,True
Gucheng,31820,2016-10-16 20:00:00+08:00,True,True,True,True,True,True,True,True
Gucheng,31845,2016-10-17 21:00:00+08:00,True,True,True,True,True,True,True,True
Gucheng,31870,2016-10-18 22:00:00+08:00,True,True,True,True,True,True,True,True
Gucheng,31895,2016-10-19 23:00:00+08:00,False,True,False,True,True,True,True,True
Gucheng,31920,2016-10-21 00:00:00+08:00,True,True,True,True,True,True,True,True
Gucheng,31945,2016-10-22 01:00:00+08:00,False,True,True,False,True,True,True,True
Gucheng,31970,2016-10-23 02:00:00+08:00,True,True,True,True,True,True,True,True
Gucheng,31995,2016-10-24 03:00:00+08:00,True,True,True,True,True,True,True,True
Gucheng,32020,2016-10-25 04:00:00+08:00,True,True,True,True,True,True,True,True
Gucheng,32045,2016-10-26 05:00:00+08:00,True,True,True,True,True,True,True,True
Gucheng,32070,2016-10-27 06:00:00+08:00,True,True,True,True,True,True,True,True
Gucheng,32095,2016-10-28 07:00:00+08:00,True,True,True,True,True,True,True,True
Gucheng,32120,2016-10-29 08:00:00+08:00,True,True,True,True,True,True,True,True
Gucheng,32145,2016-10-30 09:00:00+08:00,True,True,True,True,True,True,True,True
Gucheng,32170,2016-10-31 10:00:00+08:00,True,True,True,True,True,True,True,True
Gucheng,32195,2016-11-01 11:00:00+08:00,True,True,True,True,True,True,True,True
Gucheng,32220,2016-11-02 12:00:00+08:00,True,True,True,True,True,True,True,True
Gucheng,32245,2016-11-03 13:00:00+08:00,True,True,True,True,True,True,True,True
Gucheng,32270,2016-11-04 14:00:00+08:00,True,True,True,True,True,True,True,True
Gucheng,32295,2016-11-05 15:00:00+08:00,True,True,True,True,True,True,True,True
Gucheng,32320,2016-11-06 16:00:00+08:00,True,True,True,True,True,True,True,True
Gucheng,32345,2016-11-07 17:00:00+08:00,True,True,True,True,True,True,True,True
Gucheng,32370,2016-11-08 18:00:00+08:00,True,True,True,True,True,True,True,True
Gucheng,32395,2016-11-09 19:00:00+08:00,True,True,True,True,True,True,True,True
Gucheng,32420,2016-11-10 20:00:00+08:00,False,True,False,True,True,True,True,True
Gucheng,32445,2016-11-11 21:00:00+08:00,True,True,True,True,True,True,True,True
Gucheng,32470,2016-11-12 22:00:00+08:00,True,True,True,True,True,True,True,True
Gucheng,32495,2016-11-13 23:00:00+08:00,True,True,True,True,True,True,True,True
Gucheng,32520,2016-11-15 00:00:00+08:00,True,True,True,True,True,True,True,True
Gucheng,32545,2016-11-16 01:00:00+08:00,True,True,True,True,True,True,True,True
Gucheng,32570,2016-11-17 02:00:00+08:00,False,True,False,True,True,True,True,True
Gucheng,32595,2016-11-18 03:00:00+08:00,True,True,True,True,True,True,True,True
Gucheng,32620,2016-11-19 04:00:00+08:00,True,True,True,True,True,True,True,True
Gucheng,32645,2016-11-20 05:00:00+08:00,True,True,True,True,True,True,True,True
Gucheng,32670,2016-11-21 06:00:00+08:00,True,True,True,True,True,True,True,True
Gucheng,32695,2016-11-22 07:00:00+08:00,True,True,True,True,True,True,True,True
Gucheng,32720,2016-11-23 08:00:00+08:00,True,True,True,True,True,True,True,True
Gucheng,32745,2016-11-24 09:00:00+08:00,True,True,True,True,True,True,True,True
Gucheng,32770,2016-11-25 10:00:00+08:00,False,True,False,True,True,True,True,True
Gucheng,32795,2016-11-26 11:00:00+08:00,True,True,True,True,True,True,True,True
Gucheng,32820,2016-11-27 12:00:00+08:00,True,True,True,True,True,True,True,True
Gucheng,32845,2016-11-28 13:00:00+08:00,True,True,True,True,True,True,True,True
Gucheng,32870,2016-11-29 14:00:00+08:00,True,True,True,True,True,True,True,True
Gucheng,32895,2016-11-30 15:00:00+08:00,True,True,True,True,True,True,True,True
Gucheng,32920,2016-12-01 16:00:00+08:00,True,True,True,True,True,True,True,True
Gucheng,32945,2016-12-02 17:00:00+08:00,True,True,True,True,True,True,True,True
Gucheng,32970,2016-12-03 18:00:00+08:00,True,True,True,True,True,True,True,True
Gucheng,32995,2016-12-04 19:00:00+08:00,True,True,True,True,True,True,True,True
Gucheng,33020,2016-12-05 20:00:00+08:00,True,True,True,True,True,True,True,True
Gucheng,33045,2016-12-06 21:00:00+08:00,True,True,True,True,True,True,True,True
Gucheng,33070,2016-12-07 22:00:00+08:00,False,True,False,True,True,True,True,True
Gucheng,33095,2016-12-08 23:00:00+08:00,True,True,True,True,True,True,True,True
Gucheng,33120,2016-12-10 00:00:00+08:00,True,True,True,True,True,True,True,True
Gucheng,33145,2016-12-11 01:00:00+08:00,True,True,True,True,True,True,True,True
Gucheng,33170,2016-12-12 02:00:00+08:00,True,True,True,True,True,True,True,True
Gucheng,33195,2016-12-13 03:00:00+08:00,True,True,True,True,True,True,True,True
Gucheng,33220,2016-12-14 04:00:00+08:00,True,True,True,True,True,True,True,True
Gucheng,33245,2016-12-15 05:00:00+08:00,False,True,False,True,True,True,True,True
Gucheng,33270,2016-12-16 06:00:00+08:00,False,True,False,True,True,True,True,True
Gucheng,33295,2016-12-17 07:00:00+08:00,True,True,True,True,True,True,True,True
Gucheng,33320,2016-12-18 08:00:00+08:00,True,True,True,True,True,True,True,True
Gucheng,33345,2016-12-19 09:00:00+08:00,True,True,True,True,True,True,True,True
Gucheng,33370,2016-12-20 10:00:00+08:00,True,True,True,True,True,True,True,True
Gucheng,33395,2016-12-21 11:00:00+08:00,False,True,True,False,True,True,True,True
Gucheng,33420,2016-12-22 12:00:00+08:00,True,True,True,True,True,True,True,True
Gucheng,33445,2016-12-23 13:00:00+08:00,True,True,True,True,True,True,True,True
Gucheng,33470,2016-12-24 14:00:00+08:00,True,True,True,True,True,True,True,True
Gucheng,33495,2016-12-25 15:00:00+08:00,True,True,True,True,True,True,True,True
Gucheng,33520,2016-12-26 16:00:00+08:00,True,True,True,True,True,True,True,True
Gucheng,33545,2016-12-27 17:00:00+08:00,False,True,False,True,True,True,True,True
Gucheng,33570,2016-12-28 18:00:00+08:00,True,True,True,True,True,True,True,True
Gucheng,33595,2016-12-29 19:00:00+08:00,True,True,True,True,True,True,True,True
Gucheng,33620,2016-12-30 20:00:00+08:00,False,True,False,True,True,True,True,True
Gucheng,33645,2016-12-31 21:00:00+08:00,True,True,True,True,True,True,True,True
Gucheng,33670,2017-01-01 22:00:00+08:00,True,True,True,True,True,True,True,True
Gucheng,33695,2017-01-02 23:00:00+08:00,True,True,True,True,True,True,True,True
Gucheng,33720,2017-01-04 00:00:00+08:00,True,True,True,True,True,True,True,True
Gucheng,33745,2017-01-05 01:00:00+08:00,True,True,True,True,True,True,True,True
Gucheng,33770,2017-01-06 02:00:00+08:00,True,True,True,True,True,True,True,True
Gucheng,33795,2017-01-07 03:00:00+08:00,True,True,True,True,True,True,True,True
Gucheng,33820,2017-01-08 04:00:00+08:00,False,True,False,True,True,True,True,True
Gucheng,33845,2017-01-09 05:00:00+08:00,True,True,True,True,True,True,True,True
Gucheng,33870,2017-01-10 06:00:00+08:00,True,True,True,True,True,True,True,True
Gucheng,33895,2017-01-11 07:00:00+08:00,True,True,True,True,True,True,True,True
Gucheng,33920,2017-01-12 08:00:00+08:00,True,True,True,True,True,True,True,True
Gucheng,33945,2017-01-13 09:00:00+08:00,True,True,True,True,True,True,True,True
Gucheng,33970,2017-01-14 10:00:00+08:00,True,True,True,True,True,True,True,True
Gucheng,33995,2017-01-15 11:00:00+08:00,True,True,True,True,True,True,True,True
Gucheng,34020,2017-01-16 12:00:00+08:00,True,True,True,True,True,True,True,True
Gucheng,34045,2017-01-17 13:00:00+08:00,True,True,True,True,True,True,True,True
Gucheng,34070,2017-01-18 14:00:00+08:00,True,True,True,True,True,True,True,True
Gucheng,34095,2017-01-19 15:00:00+08:00,True,True,True,True,True,True,True,True
Gucheng,34120,2017-01-20 16:00:00+08:00,True,True,True,True,True,True,True,True
Gucheng,34145,2017-01-21 17:00:00+08:00,True,True,True,True,True,True,True,True
Gucheng,34170,2017-01-22 18:00:00+08:00,True,True,True,True,True,True,True,True
Gucheng,34195,2017-01-23 19:00:00+08:00,True,True,True,True,True,True,True,True
Gucheng,34220,2017-01-24 20:00:00+08:00,True,True,True,True,True,True,True,True
Gucheng,34245,2017-01-25 21:00:00+08:00,False,True,False,True,True,True,True,True
Gucheng,34270,2017-01-26 22:00:00+08:00,True,True,True,True,True,True,True,True
Gucheng,34295,2017-01-27 23:00:00+08:00,True,True,True,True,True,True,True,True
Gucheng,34320,2017-01-29 00:00:00+08:00,True,True,True,True,True,True,True,True
Gucheng,34345,2017-01-30 01:00:00+08:00,True,True,True,True,True,True,True,True
Gucheng,34370,2017-01-31 02:00:00+08:00,True,True,True,True,True,True,True,True
Gucheng,34395,2017-02-01 03:00:00+08:00,True,True,True,True,True,True,True,True
Gucheng,34420,2017-02-02 04:00:00+08:00,True,True,True,True,True,True,True,True
Gucheng,34445,2017-02-03 05:00:00+08:00,True,True,True,True,True,True,True,True
Gucheng,34470,2017-02-04 06:00:00+08:00,True,True,True,True,True,True,True,True
Gucheng,34495,2017-02-05 07:00:00+08:00,True,True,True,True,True,True,True,True
Gucheng,34520,2017-02-06 08:00:00+08:00,True,True,True,True,True,True,True,True
Gucheng,34545,2017-02-07 09:00:00+08:00,True,True,True,True,True,True,True,True
Gucheng,34570,2017-02-08 10:00:00+08:00,True,True,True,True,True,True,True,True
Gucheng,34595,2017-02-09 11:00:00+08:00,False,True,False,True,True,True,True,True
Gucheng,34620,2017-02-10 12:00:00+08:00,True,True,True,True,True,True,True,True
Gucheng,34645,2017-02-11 13:00:00+08:00,True,True,True,True,True,True,True,True
Gucheng,34670,2017-02-12 14:00:00+08:00,True,True,True,True,True,True,True,True
Gucheng,34695,2017-02-13 15:00:00+08:00,True,True,True,True,True,True,True,True
Gucheng,34720,2017-02-14 16:00:00+08:00,True,True,True,True,True,True,True,True
Gucheng,34745,2017-02-15 17:00:00+08:00,True,True,True,True,True,True,True,True
Gucheng,34770,2017-02-16 18:00:00+08:00,True,True,True,True,True,True,True,True
Gucheng,34795,2017-02-17 19:00:00+08:00,True,True,True,True,True,True,True,True
Gucheng,34820,2017-02-18 20:00:00+08:00,True,True,True,True,True,True,True,True
Gucheng,34845,2017-02-19 21:00:00+08:00,True,True,True,True,True,True,True,True
Gucheng,34870,2017-02-20 22:00:00+08:00,False,False,False,True,True,True,True,True
Gucheng,34895,2017-02-21 23:00:00+08:00,False,True,False,True,False,True,True,True
Gucheng,34920,2017-02-23 00:00:00+08:00,False,True,False,True,False,False,True,True
Gucheng,34945,2017-02-24 01:00:00+08:00,False,True,True,True,False,False,True,True
Gucheng,34970,2017-02-25 02:00:00+08:00,False,True,True,True,True,False,True,True
Gucheng,34995,2017-02-26 03:00:00+08:00,False,True,True,True,True,False,True,True
Gucheng,35020,2017-02-27 04:00:00+08:00,False,True,True,False,True,False,True,True
Huairou,30720,2016-09-01 00:00:00+08:00,False,True,False,True,True,True,True,True
Huairou,30745,2016-09-02 01:00:00+08:00,True,True,True,True,True,True,True,True
Huairou,30770,2016-09-03 02:00:00+08:00,True,True,True,True,True,True,True,True
Huairou,30795,2016-09-04 03:00:00+08:00,True,True,True,True,True,True,True,True
Huairou,30820,2016-09-05 04:00:00+08:00,True,True,True,True,True,True,True,True
Huairou,30845,2016-09-06 05:00:00+08:00,False,False,False,True,True,True,True,True
Huairou,30870,2016-09-07 06:00:00+08:00,False,False,False,True,False,False,True,True
Huairou,30895,2016-09-08 07:00:00+08:00,False,True,False,True,False,False,True,True
Huairou,30920,2016-09-09 08:00:00+08:00,False,True,True,True,False,False,True,True
Huairou,30945,2016-09-10 09:00:00+08:00,False,True,True,True,True,False,True,True
Huairou,30970,2016-09-11 10:00:00+08:00,False,True,True,True,True,False,True,True
Huairou,30995,2016-09-12 11:00:00+08:00,False,True,True,True,True,False,True,True
Huairou,31020,2016-09-13 12:00:00+08:00,False,True,True,False,True,False,True,True
Huairou,31045,2016-09-14 13:00:00+08:00,True,True,True,True,True,True,True,True
Huairou,31070,2016-09-15 14:00:00+08:00,True,True,True,True,True,True,True,True
Huairou,31095,2016-09-16 15:00:00+08:00,True,True,True,True,True,True,True,True
Huairou,31120,2016-09-17 16:00:00+08:00,False,False,True,True,True,True,True,True
Huairou,31145,2016-09-18 17:00:00+08:00,False,False,False,True,True,True,True,True
Huairou,31170,2016-09-19 18:00:00+08:00,False,True,False,True,False,False,True,True
Huairou,31195,2016-09-20 19:00:00+08:00,False,True,True,True,False,False,True,True
Huairou,31220,2016-09-21 20:00:00+08:00,False,True,True,True,False,False,True,True
Huairou,31245,2016-09-22 21:00:00+08:00,False,True,True,True,True,False,True,True
Huairou,31270,2016-09-23 22:00:00+08:00,False,True,False,True,True,False,True,True
Huairou,31295,2016-09-24 23:00:00+08:00,False,True,True,False,True,False,True,True
Huairou,31320,2016-09-26 00:00:00+08:00,False,True,True,False,True,True,True,True
Huairou,31345,2016-09-27 01:00:00+08:00,True,True,True,True,True,True,True,True
Huairou,31370,2016-09-28 02:00:00+08:00,True,True,True,True,True,True,True,True
Huairou,31395,2016-09-29 03:00:00+08:00,True,True,True,True,True,True,True,True
Huairou,31420,2016-09-30 04:00:00+08:00,True,True,True,True,True,True,True,True
Huairou,31445,2016-10-01 05:00:00+08:00,False,True,False,True,True,True,True,True
Huairou,31470,2016-10-02 06:00:00+08:00,True,True,True,True,True,True,True,True
Huairou,31495,2016-10-03 07:00:00+08:00,True,True,True,True,True,True,True,True
Huairou,31520,2016-10-04 08:00:00+08:00,True,True,True,True,True,True,True,True
Huairou,31545,2016-10-05 09:00:00+08:00,True,True,True,True,True,True,True,True
Huairou,31570,2016-10-06 10:00:00+08:00,True,True,True,True,True,True,True,True
Huairou,31595,2016-10-07 11:00:00+08:00,False,True,True,False,True,True,True,True
Huairou,31620,2016-10-08 12:00:00+08:00,True,True,True,True,True,True,True,True
Huairou,31645,2016-10-09 13:00:00+08:00,True,True,True,True,True,True,True,True
Huairou,31670,2016-10-10 14:00:00+08:00,True,True,True,True,True,True,True,True
Huairou,31695,2016-10-11 15:00:00+08:00,True,True,True,True,True,True,True,True
Huairou,31720,2016-10-12 16:00:00+08:00,True,True,True,True,True,True,True,True
Huairou,31745,2016-10-13 17:00:00+08:00,True,True,True,True,True,True,True,True
Huairou,31770,2016-10-14 18:00:00+08:00,True,True,True,True,True,True,True,True
Huairou,31795,2016-10-15 19:00:00+08:00,False,True,False,True,True,True,True,True
Huairou,31820,2016-10-16 20:00:00+08:00,True,True,True,True,True,True,True,True
Huairou,31845,2016-10-17 21:00:00+08:00,True,True,True,True,True,True,True,True
Huairou,31870,2016-10-18 22:00:00+08:00,False,False,True,True,True,True,True,True
Huairou,31895,2016-10-19 23:00:00+08:00,False,True,False,True,True,True,True,True
Huairou,31920,2016-10-21 00:00:00+08:00,True,True,True,True,True,True,True,True
Huairou,31945,2016-10-22 01:00:00+08:00,True,True,True,True,True,True,True,True
Huairou,31970,2016-10-23 02:00:00+08:00,True,True,True,True,True,True,True,True
Huairou,31995,2016-10-24 03:00:00+08:00,True,True,True,True,True,True,True,True
Huairou,32020,2016-10-25 04:00:00+08:00,False,True,True,False,True,True,True,True
Huairou,32045,2016-10-26 05:00:00+08:00,False,True,False,True,True,True,True,True
Huairou,32070,2016-10-27 06:00:00+08:00,True,True,True,True,True,True,True,True
Huairou,32095,2016-10-28 07:00:00+08:00,True,True,True,True,True,True,True,True
Huairou,32120,2016-10-29 08:00:00+08:00,True,True,True,True,True,True,True,True
Huairou,32145,2016-10-30 09:00:00+08:00,True,True,True,True,True,True,True,True
Huairou,32170,2016-10-31 10:00:00+08:00,True,True,True,True,True,True,True,True
Huairou,32195,2016-11-01 11:00:00+08:00,False,True,True,False,True,True,True,True
Huairou,32220,2016-11-02 12:00:00+08:00,True,True,True,True,True,True,True,True
Huairou,32245,2016-11-03 13:00:00+08:00,True,True,True,True,True,True,True,True
Huairou,32270,2016-11-04 14:00:00+08:00,True,True,True,True,True,True,True,True
Huairou,32295,2016-11-05 15:00:00+08:00,False,True,False,True,True,True,True,True
Huairou,32320,2016-11-06 16:00:00+08:00,True,True,True,True,True,True,True,True
Huairou,32345,2016-11-07 17:00:00+08:00,True,True,True,True,True,True,True,True
Huairou,32370,2016-11-08 18:00:00+08:00,True,True,True,True,True,True,True,True
Huairou,32395,2016-11-09 19:00:00+08:00,True,True,True,True,True,True,True,True
Huairou,32420,2016-11-10 20:00:00+08:00,True,True,True,True,True,True,True,True
Huairou,32445,2016-11-11 21:00:00+08:00,True,True,True,True,True,True,True,True
Huairou,32470,2016-11-12 22:00:00+08:00,True,True,True,True,True,True,True,True
Huairou,32495,2016-11-13 23:00:00+08:00,True,True,True,True,True,True,True,True
Huairou,32520,2016-11-15 00:00:00+08:00,True,True,True,True,True,True,True,True
Huairou,32545,2016-11-16 01:00:00+08:00,True,True,True,True,True,True,True,True
Huairou,32570,2016-11-17 02:00:00+08:00,True,True,True,True,True,True,True,True
Huairou,32595,2016-11-18 03:00:00+08:00,True,True,True,True,True,True,True,True
Huairou,32620,2016-11-19 04:00:00+08:00,True,True,True,True,True,True,True,True
Huairou,32645,2016-11-20 05:00:00+08:00,True,True,True,True,True,True,True,True
Huairou,32670,2016-11-21 06:00:00+08:00,True,True,True,True,True,True,True,True
Huairou,32695,2016-11-22 07:00:00+08:00,True,True,True,True,True,True,True,True
Huairou,32720,2016-11-23 08:00:00+08:00,True,True,True,True,True,True,True,True
Huairou,32745,2016-11-24 09:00:00+08:00,True,True,True,True,True,True,True,True
Huairou,32770,2016-11-25 10:00:00+08:00,True,True,True,True,True,True,True,True
Huairou,32795,2016-11-26 11:00:00+08:00,True,True,True,True,True,True,True,True
Huairou,32820,2016-11-27 12:00:00+08:00,True,True,True,True,True,True,True,True
Huairou,32845,2016-11-28 13:00:00+08:00,True,True,True,True,True,True,True,True
Huairou,32870,2016-11-29 14:00:00+08:00,True,True,True,True,True,True,True,True
Huairou,32895,2016-11-30 15:00:00+08:00,True,True,True,True,True,True,True,True
Huairou,32920,2016-12-01 16:00:00+08:00,True,True,True,True,True,True,True,True
Huairou,32945,2016-12-02 17:00:00+08:00,True,True,True,True,True,True,True,True
Huairou,32970,2016-12-03 18:00:00+08:00,True,True,True,True,True,True,True,True
Huairou,32995,2016-12-04 19:00:00+08:00,True,True,True,True,True,True,True,True
Huairou,33020,2016-12-05 20:00:00+08:00,False,True,False,True,True,True,True,True
Huairou,33045,2016-12-06 21:00:00+08:00,True,True,True,True,True,True,True,True
Huairou,33070,2016-12-07 22:00:00+08:00,True,True,True,True,True,True,True,True
Huairou,33095,2016-12-08 23:00:00+08:00,True,True,True,True,True,True,True,True
Huairou,33120,2016-12-10 00:00:00+08:00,True,True,True,True,True,True,True,True
Huairou,33145,2016-12-11 01:00:00+08:00,True,True,True,True,True,True,True,True
Huairou,33170,2016-12-12 02:00:00+08:00,True,True,True,True,True,True,True,True
Huairou,33195,2016-12-13 03:00:00+08:00,True,True,True,True,True,True,True,True
Huairou,33220,2016-12-14 04:00:00+08:00,True,True,True,True,True,True,True,True
Huairou,33245,2016-12-15 05:00:00+08:00,True,True,True,True,True,True,True,True
Huairou,33270,2016-12-16 06:00:00+08:00,True,True,True,True,True,True,True,True
Huairou,33295,2016-12-17 07:00:00+08:00,True,True,True,True,True,True,True,True
Huairou,33320,2016-12-18 08:00:00+08:00,True,True,True,True,True,True,True,True
Huairou,33345,2016-12-19 09:00:00+08:00,True,True,True,True,True,True,True,True
Huairou,33370,2016-12-20 10:00:00+08:00,True,True,True,True,True,True,True,True
Huairou,33395,2016-12-21 11:00:00+08:00,True,True,True,True,True,True,True,True
Huairou,33420,2016-12-22 12:00:00+08:00,True,True,True,True,True,True,True,True
Huairou,33445,2016-12-23 13:00:00+08:00,True,True,True,True,True,True,True,True
Huairou,33470,2016-12-24 14:00:00+08:00,True,True,True,True,True,True,True,True
Huairou,33495,2016-12-25 15:00:00+08:00,True,True,True,True,True,True,True,True
Huairou,33520,2016-12-26 16:00:00+08:00,True,True,True,True,True,True,True,True
Huairou,33545,2016-12-27 17:00:00+08:00,True,True,True,True,True,True,True,True
Huairou,33570,2016-12-28 18:00:00+08:00,True,True,True,True,True,True,True,True
Huairou,33595,2016-12-29 19:00:00+08:00,True,True,True,True,True,True,True,True
Huairou,33620,2016-12-30 20:00:00+08:00,True,True,True,True,True,True,True,True
Huairou,33645,2016-12-31 21:00:00+08:00,True,True,True,True,True,True,True,True
Huairou,33670,2017-01-01 22:00:00+08:00,True,True,True,True,True,True,True,True
Huairou,33695,2017-01-02 23:00:00+08:00,True,True,True,True,True,True,True,True
Huairou,33720,2017-01-04 00:00:00+08:00,True,True,True,True,True,True,True,True
Huairou,33745,2017-01-05 01:00:00+08:00,True,True,True,True,True,True,True,True
Huairou,33770,2017-01-06 02:00:00+08:00,False,True,False,True,True,True,True,True
Huairou,33795,2017-01-07 03:00:00+08:00,True,True,True,True,True,True,True,True
Huairou,33820,2017-01-08 04:00:00+08:00,True,True,True,True,True,True,True,True
Huairou,33845,2017-01-09 05:00:00+08:00,True,True,True,True,True,True,True,True
Huairou,33870,2017-01-10 06:00:00+08:00,True,True,True,True,True,True,True,True
Huairou,33895,2017-01-11 07:00:00+08:00,True,True,True,True,True,True,True,True
Huairou,33920,2017-01-12 08:00:00+08:00,True,True,True,True,True,True,True,True
Huairou,33945,2017-01-13 09:00:00+08:00,True,True,True,True,True,True,True,True
Huairou,33970,2017-01-14 10:00:00+08:00,True,True,True,True,True,True,True,True
Huairou,33995,2017-01-15 11:00:00+08:00,True,True,True,True,True,True,True,True
Huairou,34020,2017-01-16 12:00:00+08:00,True,True,True,True,True,True,True,True
Huairou,34045,2017-01-17 13:00:00+08:00,True,True,True,True,True,True,True,True
Huairou,34070,2017-01-18 14:00:00+08:00,True,True,True,True,True,True,True,True
Huairou,34095,2017-01-19 15:00:00+08:00,True,True,True,True,True,True,True,True
Huairou,34120,2017-01-20 16:00:00+08:00,True,True,True,True,True,True,True,True
Huairou,34145,2017-01-21 17:00:00+08:00,True,True,True,True,True,True,True,True
Huairou,34170,2017-01-22 18:00:00+08:00,True,True,True,True,True,True,True,True
Huairou,34195,2017-01-23 19:00:00+08:00,True,True,True,True,True,True,True,True
Huairou,34220,2017-01-24 20:00:00+08:00,True,True,True,True,True,True,True,True
Huairou,34245,2017-01-25 21:00:00+08:00,False,True,False,True,True,True,True,True
Huairou,34270,2017-01-26 22:00:00+08:00,True,True,True,True,True,True,True,True
Huairou,34295,2017-01-27 23:00:00+08:00,True,True,True,True,True,True,True,True
Huairou,34320,2017-01-29 00:00:00+08:00,True,True,True,True,True,True,True,True
Huairou,34345,2017-01-30 01:00:00+08:00,True,True,True,True,True,True,True,True
Huairou,34370,2017-01-31 02:00:00+08:00,True,True,True,True,True,True,True,True
Huairou,34395,2017-02-01 03:00:00+08:00,True,True,True,True,True,True,True,True
Huairou,34420,2017-02-02 04:00:00+08:00,True,True,True,True,True,True,True,True
Huairou,34445,2017-02-03 05:00:00+08:00,True,True,True,True,True,True,True,True
Huairou,34470,2017-02-04 06:00:00+08:00,True,True,True,True,True,True,True,True
Huairou,34495,2017-02-05 07:00:00+08:00,True,True,True,True,True,True,True,True
Huairou,34520,2017-02-06 08:00:00+08:00,True,True,True,True,True,True,True,True
Huairou,34545,2017-02-07 09:00:00+08:00,True,True,True,True,True,True,True,True
Huairou,34570,2017-02-08 10:00:00+08:00,True,True,True,True,True,True,True,True
Huairou,34595,2017-02-09 11:00:00+08:00,False,True,False,True,True,True,True,True
Huairou,34620,2017-02-10 12:00:00+08:00,True,True,True,True,True,True,True,True
Huairou,34645,2017-02-11 13:00:00+08:00,True,True,True,True,True,True,True,True
Huairou,34670,2017-02-12 14:00:00+08:00,True,True,True,True,True,True,True,True
Huairou,34695,2017-02-13 15:00:00+08:00,True,True,True,True,True,True,True,True
Huairou,34720,2017-02-14 16:00:00+08:00,True,True,True,True,True,True,True,True
Huairou,34745,2017-02-15 17:00:00+08:00,True,True,True,True,True,True,True,True
Huairou,34770,2017-02-16 18:00:00+08:00,True,True,True,True,True,True,True,True
Huairou,34795,2017-02-17 19:00:00+08:00,True,True,True,True,True,True,True,True
Huairou,34820,2017-02-18 20:00:00+08:00,True,True,True,True,True,True,True,True
Huairou,34845,2017-02-19 21:00:00+08:00,True,True,True,True,True,True,True,True
Huairou,34870,2017-02-20 22:00:00+08:00,False,False,False,True,True,True,True,True
Huairou,34895,2017-02-21 23:00:00+08:00,False,True,False,True,False,True,True,True
Huairou,34920,2017-02-23 00:00:00+08:00,False,True,True,True,False,True,True,True
Huairou,34945,2017-02-24 01:00:00+08:00,False,True,False,True,True,True,True,True
Huairou,34970,2017-02-25 02:00:00+08:00,True,True,True,True,True,True,True,True
Huairou,34995,2017-02-26 03:00:00+08:00,True,True,True,True,True,True,True,True
Huairou,35020,2017-02-27 04:00:00+08:00,False,True,True,False,True,True,True,True
Nongzhanguan,30720,2016-09-01 00:00:00+08:00,True,True,True,True,True,True,True,True
Nongzhanguan,30745,2016-09-02 01:00:00+08:00,True,True,True,True,True,True,True,True
Nongzhanguan,30770,2016-09-03 02:00:00+08:00,True,True,True,True,True,True,True,True
Nongzhanguan,30795,2016-09-04 03:00:00+08:00,True,True,True,True,True,True,True,True
Nongzhanguan,30820,2016-09-05 04:00:00+08:00,True,True,True,True,True,True,True,True
Nongzhanguan,30845,2016-09-06 05:00:00+08:00,False,False,True,True,True,True,True,True
Nongzhanguan,30870,2016-09-07 06:00:00+08:00,False,False,False,True,False,True,True,True
Nongzhanguan,30895,2016-09-08 07:00:00+08:00,False,True,False,True,False,False,True,True
Nongzhanguan,30920,2016-09-09 08:00:00+08:00,False,True,True,True,False,False,True,True
Nongzhanguan,30945,2016-09-10 09:00:00+08:00,False,True,False,True,True,False,True,True
Nongzhanguan,30970,2016-09-11 10:00:00+08:00,False,True,True,True,True,False,True,True
Nongzhanguan,30995,2016-09-12 11:00:00+08:00,False,True,True,True,True,False,True,True
Nongzhanguan,31020,2016-09-13 12:00:00+08:00,False,True,True,False,True,False,True,True
Nongzhanguan,31045,2016-09-14 13:00:00+08:00,True,True,True,True,True,True,True,True
Nongzhanguan,31070,2016-09-15 14:00:00+08:00,True,True,True,True,True,True,True,True
Nongzhanguan,31095,2016-09-16 15:00:00+08:00,True,True,True,True,True,True,True,True
Nongzhanguan,31120,2016-09-17 16:00:00+08:00,True,True,True,True,True,True,True,True
Nongzhanguan,31145,2016-09-18 17:00:00+08:00,True,True,True,True,True,True,True,True
Nongzhanguan,31170,2016-09-19 18:00:00+08:00,True,True,True,True,True,True,True,True
Nongzhanguan,31195,2016-09-20 19:00:00+08:00,False,True,False,True,True,True,True,True
Nongzhanguan,31220,2016-09-21 20:00:00+08:00,True,True,True,True,True,True,True,True
Nongzhanguan,31245,2016-09-22 21:00:00+08:00,False,False,True,True,True,True,True,True
Nongzhanguan,31270,2016-09-23 22:00:00+08:00,False,True,False,True,True,True,True,True
Nongzhanguan,31295,2016-09-24 23:00:00+08:00,True,True,True,True,True,True,True,True
Nongzhanguan,31320,2016-09-26 00:00:00+08:00,True,True,True,True,True,True,True,True
Nongzhanguan,31345,2016-09-27 01:00:00+08:00,True,True,True,True,True,True,True,True
Nongzhanguan,31370,2016-09-28 02:00:00+08:00,True,True,True,True,True,True,True,True
Nongzhanguan,31395,2016-09-29 03:00:00+08:00,False,True,True,False,True,True,True,True
Nongzhanguan,31420,2016-09-30 04:00:00+08:00,True,True,True,True,True,True,True,True
Nongzhanguan,31445,2016-10-01 05:00:00+08:00,True,True,True,True,True,True,True,True
Nongzhanguan,31470,2016-10-02 06:00:00+08:00,True,True,True,True,True,True,True,True
Nongzhanguan,31495,2016-10-03 07:00:00+08:00,True,True,True,True,True,True,True,True
Nongzhanguan,31520,2016-10-04 08:00:00+08:00,True,True,True,True,True,True,True,True
Nongzhanguan,31545,2016-10-05 09:00:00+08:00,True,True,True,True,True,True,True,True
Nongzhanguan,31570,2016-10-06 10:00:00+08:00,True,True,True,True,True,True,True,True
Nongzhanguan,31595,2016-10-07 11:00:00+08:00,True,True,True,True,True,True,True,True
Nongzhanguan,31620,2016-10-08 12:00:00+08:00,True,True,True,True,True,True,True,True
Nongzhanguan,31645,2016-10-09 13:00:00+08:00,True,True,True,True,True,True,True,True
Nongzhanguan,31670,2016-10-10 14:00:00+08:00,True,True,True,True,True,True,True,True
Nongzhanguan,31695,2016-10-11 15:00:00+08:00,True,True,True,True,True,True,True,True
Nongzhanguan,31720,2016-10-12 16:00:00+08:00,True,True,True,True,True,True,True,True
Nongzhanguan,31745,2016-10-13 17:00:00+08:00,True,True,True,True,True,True,True,True
Nongzhanguan,31770,2016-10-14 18:00:00+08:00,False,True,False,True,True,True,True,True
Nongzhanguan,31795,2016-10-15 19:00:00+08:00,False,True,False,True,True,True,True,True
Nongzhanguan,31820,2016-10-16 20:00:00+08:00,True,True,True,True,True,True,True,True
Nongzhanguan,31845,2016-10-17 21:00:00+08:00,True,True,True,True,True,True,True,True
Nongzhanguan,31870,2016-10-18 22:00:00+08:00,True,True,True,True,True,True,True,True
Nongzhanguan,31895,2016-10-19 23:00:00+08:00,True,True,True,True,True,True,True,True
Nongzhanguan,31920,2016-10-21 00:00:00+08:00,True,True,True,True,True,True,True,True
Nongzhanguan,31945,2016-10-22 01:00:00+08:00,False,True,True,False,True,True,True,True
Nongzhanguan,31970,2016-10-23 02:00:00+08:00,True,True,True,True,True,True,True,True
Nongzhanguan,31995,2016-10-24 03:00:00+08:00,True,True,True,True,True,True,True,True
Nongzhanguan,32020,2016-10-25 04:00:00+08:00,True,True,True,True,True,True,True,True
Nongzhanguan,32045,2016-10-26 05:00:00+08:00,True,True,True,True,True,True,True,True
Nongzhanguan,32070,2016-10-27 06:00:00+08:00,True,True,True,True,True,True,True,True
Nongzhanguan,32095,2016-10-28 07:00:00+08:00,True,True,True,True,True,True,True,True
Nongzhanguan,32120,2016-10-29 08:00:00+08:00,True,True,True,True,True,True,True,True
Nongzhanguan,32145,2016-10-30 09:00:00+08:00,True,True,True,True,True,True,True,True
Nongzhanguan,32170,2016-10-31 10:00:00+08:00,True,True,True,True,True,True,True,True
Nongzhanguan,32195,2016-11-01 11:00:00+08:00,True,True,True,True,True,True,True,True
Nongzhanguan,32220,2016-11-02 12:00:00+08:00,True,True,True,True,True,True,True,True
Nongzhanguan,32245,2016-11-03 13:00:00+08:00,True,True,True,True,True,True,True,True
Nongzhanguan,32270,2016-11-04 14:00:00+08:00,True,True,True,True,True,True,True,True
Nongzhanguan,32295,2016-11-05 15:00:00+08:00,True,True,True,True,True,True,True,True
Nongzhanguan,32320,2016-11-06 16:00:00+08:00,True,True,True,True,True,True,True,True
Nongzhanguan,32345,2016-11-07 17:00:00+08:00,False,False,True,True,True,True,True,True
Nongzhanguan,32370,2016-11-08 18:00:00+08:00,False,True,False,True,True,True,True,True
Nongzhanguan,32395,2016-11-09 19:00:00+08:00,True,True,True,True,True,True,True,True
Nongzhanguan,32420,2016-11-10 20:00:00+08:00,True,True,True,True,True,True,True,True
Nongzhanguan,32445,2016-11-11 21:00:00+08:00,True,True,True,True,True,True,True,True
Nongzhanguan,32470,2016-11-12 22:00:00+08:00,True,True,True,True,True,True,True,True
Nongzhanguan,32495,2016-11-13 23:00:00+08:00,True,True,True,True,True,True,True,True
Nongzhanguan,32520,2016-11-15 00:00:00+08:00,True,True,True,True,True,True,True,True
Nongzhanguan,32545,2016-11-16 01:00:00+08:00,True,True,True,True,True,True,True,True
Nongzhanguan,32570,2016-11-17 02:00:00+08:00,False,True,False,True,True,True,True,True
Nongzhanguan,32595,2016-11-18 03:00:00+08:00,True,True,True,True,True,True,True,True
Nongzhanguan,32620,2016-11-19 04:00:00+08:00,True,True,True,True,True,True,True,True
Nongzhanguan,32645,2016-11-20 05:00:00+08:00,True,True,True,True,True,True,True,True
Nongzhanguan,32670,2016-11-21 06:00:00+08:00,True,True,True,True,True,True,True,True
Nongzhanguan,32695,2016-11-22 07:00:00+08:00,True,True,True,True,True,True,True,True
Nongzhanguan,32720,2016-11-23 08:00:00+08:00,True,True,True,True,True,True,True,True
Nongzhanguan,32745,2016-11-24 09:00:00+08:00,True,True,True,True,True,True,True,True
Nongzhanguan,32770,2016-11-25 10:00:00+08:00,True,True,True,True,True,True,True,True
Nongzhanguan,32795,2016-11-26 11:00:00+08:00,True,True,True,True,True,True,True,True
Nongzhanguan,32820,2016-11-27 12:00:00+08:00,True,True,True,True,True,True,True,True
Nongzhanguan,32845,2016-11-28 13:00:00+08:00,True,True,True,True,True,True,True,True
Nongzhanguan,32870,2016-11-29 14:00:00+08:00,True,True,True,True,True,True,True,True
Nongzhanguan,32895,2016-11-30 15:00:00+08:00,True,True,True,True,True,True,True,True
Nongzhanguan,32920,2016-12-01 16:00:00+08:00,False,False,True,True,True,True,True,True
Nongzhanguan,32945,2016-12-02 17:00:00+08:00,False,True,False,True,True,True,True,True
Nongzhanguan,32970,2016-12-03 18:00:00+08:00,True,True,True,True,True,True,True,True
Nongzhanguan,32995,2016-12-04 19:00:00+08:00,True,True,True,True,True,True,True,True
Nongzhanguan,33020,2016-12-05 20:00:00+08:00,True,True,True,True,True,True,True,True
Nongzhanguan,33045,2016-12-06 21:00:00+08:00,True,True,True,True,True,True,True,True
Nongzhanguan,33070,2016-12-07 22:00:00+08:00,False,True,False,True,True,True,True,True
Nongzhanguan,33095,2016-12-08 23:00:00+08:00,True,True,True,True,True,True,True,True
Nongzhanguan,33120,2016-12-10 00:00:00+08:00,True,True,True,True,True,True,True,True
Nongzhanguan,33145,2016-12-11 01:00:00+08:00,True,True,True,True,True,True,True,True
Nongzhanguan,33170,2016-12-12 02:00:00+08:00,True,True,True,True,True,True,True,True
Nongzhanguan,33195,2016-12-13 03:00:00+08:00,True,True,True,True,True,True,True,True
Nongzhanguan,33220,2016-12-14 04:00:00+08:00,True,True,True,True,True,True,True,True
Nongzhanguan,33245,2016-12-15 05:00:00+08:00,True,True,True,True,True,True,True,True
Nongzhanguan,33270,2016-12-16 06:00:00+08:00,False,True,False,True,True,True,True,True
Nongzhanguan,33295,2016-12-17 07:00:00+08:00,True,True,True,True,True,True,True,True
Nongzhanguan,33320,2016-12-18 08:00:00+08:00,True,True,True,True,True,True,True,True
Nongzhanguan,33345,2016-12-19 09:00:00+08:00,True,True,True,True,True,True,True,True
Nongzhanguan,33370,2016-12-20 10:00:00+08:00,True,True,True,True,True,True,True,True
Nongzhanguan,33395,2016-12-21 11:00:00+08:00,True,True,True,True,True,True,True,True
Nongzhanguan,33420,2016-12-22 12:00:00+08:00,True,True,True,True,True,True,True,True
Nongzhanguan,33445,2016-12-23 13:00:00+08:00,False,True,False,True,True,True,True,True
Nongzhanguan,33470,2016-12-24 14:00:00+08:00,True,True,True,True,True,True,True,True
Nongzhanguan,33495,2016-12-25 15:00:00+08:00,False,True,False,True,False,True,True,True
Nongzhanguan,33520,2016-12-26 16:00:00+08:00,False,True,True,True,False,True,True,True
Nongzhanguan,33545,2016-12-27 17:00:00+08:00,False,False,True,True,False,True,True,True
Nongzhanguan,33570,2016-12-28 18:00:00+08:00,False,False,False,True,True,True,True,True
Nongzhanguan,33595,2016-12-29 19:00:00+08:00,False,True,False,True,True,True,True,True
Nongzhanguan,33620,2016-12-30 20:00:00+08:00,False,True,False,True,False,False,True,True
Nongzhanguan,33645,2016-12-31 21:00:00+08:00,False,True,True,False,True,False,True,True
Nongzhanguan,33670,2017-01-01 22:00:00+08:00,True,True,True,True,True,True,True,True
Nongzhanguan,33695,2017-01-02 23:00:00+08:00,False,True,False,True,True,True,True,True
Nongzhanguan,33720,2017-01-04 00:00:00+08:00,True,True,True,True,True,True,True,True
Nongzhanguan,33745,2017-01-05 01:00:00+08:00,True,True,True,True,True,True,True,True
Nongzhanguan,33770,2017-01-06 02:00:00+08:00,False,True,True,False,True,True,True,True
Nongzhanguan,33795,2017-01-07 03:00:00+08:00,True,True,True,True,True,True,True,True
Nongzhanguan,33820,2017-01-08 04:00:00+08:00,True,True,True,True,True,True,True,True
Nongzhanguan,33845,2017-01-09 05:00:00+08:00,True,True,True,True,True,True,True,True
Nongzhanguan,33870,2017-01-10 06:00:00+08:00,True,True,True,True,True,True,True,True
Nongzhanguan,33895,2017-01-11 07:00:00+08:00,True,True,True,True,True,True,True,True
Nongzhanguan,33920,2017-01-12 08:00:00+08:00,True,True,True,True,True,True,True,True
Nongzhanguan,33945,2017-01-13 09:00:00+08:00,True,True,True,True,True,True,True,True
Nongzhanguan,33970,2017-01-14 10:00:00+08:00,True,True,True,True,True,True,True,True
Nongzhanguan,33995,2017-01-15 11:00:00+08:00,True,True,True,True,True,True,True,True
Nongzhanguan,34020,2017-01-16 12:00:00+08:00,True,True,True,True,True,True,True,True
Nongzhanguan,34045,2017-01-17 13:00:00+08:00,True,True,True,True,True,True,True,True
Nongzhanguan,34070,2017-01-18 14:00:00+08:00,True,True,True,True,True,True,True,True
Nongzhanguan,34095,2017-01-19 15:00:00+08:00,True,True,True,True,True,True,True,True
Nongzhanguan,34120,2017-01-20 16:00:00+08:00,True,True,True,True,True,True,True,True
Nongzhanguan,34145,2017-01-21 17:00:00+08:00,True,True,True,True,True,True,True,True
Nongzhanguan,34170,2017-01-22 18:00:00+08:00,True,True,True,True,True,True,True,True
Nongzhanguan,34195,2017-01-23 19:00:00+08:00,True,True,True,True,True,True,True,True
Nongzhanguan,34220,2017-01-24 20:00:00+08:00,True,True,True,True,True,True,True,True
Nongzhanguan,34245,2017-01-25 21:00:00+08:00,False,True,False,True,True,True,True,True
Nongzhanguan,34270,2017-01-26 22:00:00+08:00,True,True,True,True,True,True,True,True
Nongzhanguan,34295,2017-01-27 23:00:00+08:00,True,True,True,True,True,True,True,True
Nongzhanguan,34320,2017-01-29 00:00:00+08:00,True,True,True,True,True,True,True,True
Nongzhanguan,34345,2017-01-30 01:00:00+08:00,True,True,True,True,True,True,True,True
Nongzhanguan,34370,2017-01-31 02:00:00+08:00,True,True,True,True,True,True,True,True
Nongzhanguan,34395,2017-02-01 03:00:00+08:00,True,True,True,True,True,True,True,True
Nongzhanguan,34420,2017-02-02 04:00:00+08:00,True,True,True,True,True,True,True,True
Nongzhanguan,34445,2017-02-03 05:00:00+08:00,True,True,True,True,True,True,True,True
Nongzhanguan,34470,2017-02-04 06:00:00+08:00,True,True,True,True,True,True,True,True
Nongzhanguan,34495,2017-02-05 07:00:00+08:00,True,True,True,True,True,True,True,True
Nongzhanguan,34520,2017-02-06 08:00:00+08:00,True,True,True,True,True,True,True,True
Nongzhanguan,34545,2017-02-07 09:00:00+08:00,True,True,True,True,True,True,True,True
Nongzhanguan,34570,2017-02-08 10:00:00+08:00,True,True,True,True,True,True,True,True
Nongzhanguan,34595,2017-02-09 11:00:00+08:00,False,True,False,True,True,True,True,True
Nongzhanguan,34620,2017-02-10 12:00:00+08:00,True,True,True,True,True,True,True,True
Nongzhanguan,34645,2017-02-11 13:00:00+08:00,True,True,True,True,True,True,True,True
Nongzhanguan,34670,2017-02-12 14:00:00+08:00,True,True,True,True,True,True,True,True
Nongzhanguan,34695,2017-02-13 15:00:00+08:00,True,True,True,True,True,True,True,True
Nongzhanguan,34720,2017-02-14 16:00:00+08:00,True,True,True,True,True,True,True,True
Nongzhanguan,34745,2017-02-15 17:00:00+08:00,True,True,True,True,True,True,True,True
Nongzhanguan,34770,2017-02-16 18:00:00+08:00,True,True,True,True,True,True,True,True
Nongzhanguan,34795,2017-02-17 19:00:00+08:00,True,True,True,True,True,True,True,True
Nongzhanguan,34820,2017-02-18 20:00:00+08:00,True,True,True,True,True,True,True,True
Nongzhanguan,34845,2017-02-19 21:00:00+08:00,True,True,True,True,True,True,True,True
Nongzhanguan,34870,2017-02-20 22:00:00+08:00,False,False,False,True,True,True,True,True
Nongzhanguan,34895,2017-02-21 23:00:00+08:00,False,True,False,True,False,True,True,True
Nongzhanguan,34920,2017-02-23 00:00:00+08:00,False,True,False,True,False,True,True,True
Nongzhanguan,34945,2017-02-24 01:00:00+08:00,False,True,True,True,False,True,True,True
Nongzhanguan,34970,2017-02-25 02:00:00+08:00,False,True,False,True,True,True,True,True
Nongzhanguan,34995,2017-02-26 03:00:00+08:00,False,True,False,True,True,True,True,True
Nongzhanguan,35020,2017-02-27 04:00:00+08:00,False,False,False,False,True,False,True,True
Shunyi,30720,2016-09-01 00:00:00+08:00,True,True,True,True,True,True,True,True
Shunyi,30745,2016-09-02 01:00:00+08:00,False,True,False,True,True,True,True,True
Shunyi,30770,2016-09-03 02:00:00+08:00,True,True,True,True,True,True,True,True
Shunyi,30795,2016-09-04 03:00:00+08:00,False,False,True,True,True,True,True,True
Shunyi,30820,2016-09-05 04:00:00+08:00,False,True,False,True,False,True,True,True
Shunyi,30845,2016-09-06 05:00:00+08:00,False,False,True,True,False,True,True,True
Shunyi,30870,2016-09-07 06:00:00+08:00,False,False,False,True,False,False,True,True
Shunyi,30895,2016-09-08 07:00:00+08:00,False,True,False,True,False,False,True,True
Shunyi,30920,2016-09-09 08:00:00+08:00,False,True,True,True,False,False,True,True
Shunyi,30945,2016-09-10 09:00:00+08:00,False,True,False,False,True,False,True,True
Shunyi,30970,2016-09-11 10:00:00+08:00,False,True,True,False,True,False,True,True
Shunyi,30995,2016-09-12 11:00:00+08:00,False,True,True,True,True,False,True,True
Shunyi,31020,2016-09-13 12:00:00+08:00,False,True,True,False,True,False,True,True
Shunyi,31045,2016-09-14 13:00:00+08:00,False,False,True,True,True,True,True,True
Shunyi,31070,2016-09-15 14:00:00+08:00,False,False,False,True,False,False,True,True
Shunyi,31095,2016-09-16 15:00:00+08:00,False,False,False,True,False,False,True,True
Shunyi,31120,2016-09-17 16:00:00+08:00,False,True,True,True,False,False,True,True
Shunyi,31145,2016-09-18 17:00:00+08:00,False,True,False,True,False,False,True,True
Shunyi,31170,2016-09-19 18:00:00+08:00,False,True,False,True,True,False,True,True
Shunyi,31195,2016-09-20 19:00:00+08:00,False,True,True,False,True,False,True,True
Shunyi,31220,2016-09-21 20:00:00+08:00,False,True,True,False,True,False,True,True
Shunyi,31245,2016-09-22 21:00:00+08:00,False,False,False,True,True,True,True,True
Shunyi,31270,2016-09-23 22:00:00+08:00,False,True,False,True,True,True,True,True
Shunyi,31295,2016-09-24 23:00:00+08:00,False,True,False,True,True,True,True,True
Shunyi,31320,2016-09-26 00:00:00+08:00,False,True,False,True,False,True,False,True
Shunyi,31345,2016-09-27 01:00:00+08:00,False,True,True,True,False,True,False,True
Shunyi,31370,2016-09-28 02:00:00+08:00,False,True,True,True,False,True,False,True
Shunyi,31395,2016-09-29 03:00:00+08:00,False,True,True,False,True,True,False,True
Shunyi,31420,2016-09-30 04:00:00+08:00,False,True,True,True,True,True,False,True
Shunyi,31445,2016-10-01 05:00:00+08:00,False,True,True,True,True,True,False,True
Shunyi,31470,2016-10-02 06:00:00+08:00,False,True,True,False,True,True,False,True
Shunyi,31495,2016-10-03 07:00:00+08:00,False,True,True,True,True,True,False,True
Shunyi,31520,2016-10-04 08:00:00+08:00,False,True,True,True,True,True,False,True
Shunyi,31545,2016-10-05 09:00:00+08:00,True,True,True,True,True,True,True,True
Shunyi,31570,2016-10-06 10:00:00+08:00,True,True,True,True,True,True,True,True
Shunyi,31595,2016-10-07 11:00:00+08:00,True,True,True,True,True,True,True,True
Shunyi,31620,2016-10-08 12:00:00+08:00,False,True,False,True,True,True,True,True
Shunyi,31645,2016-10-09 13:00:00+08:00,False,True,False,True,False,True,True,True
Shunyi,31670,2016-10-10 14:00:00+08:00,False,True,True,True,False,True,True,True
Shunyi,31695,2016-10-11 15:00:00+08:00,False,True,True,True,False,True,True,True
Shunyi,31720,2016-10-12 16:00:00+08:00,True,True,True,True,True,True,True,True
Shunyi,31745,2016-10-13 17:00:00+08:00,False,True,False,True,True,True,True,True
Shunyi,31770,2016-10-14 18:00:00+08:00,True,True,True,True,True,True,True,True
Shunyi,31795,2016-10-15 19:00:00+08:00,True,True,True,True,True,True,True,True
Shunyi,31820,2016-10-16 20:00:00+08:00,True,True,True,True,True,True,True,True
Shunyi,31845,2016-10-17 21:00:00+08:00,True,True,True,True,True,True,True,True
Shunyi,31870,2016-10-18 22:00:00+08:00,True,True,True,True,True,True,True,True
Shunyi,31895,2016-10-19 23:00:00+08:00,True,True,True,True,True,True,True,True
Shunyi,31920,2016-10-21 00:00:00+08:00,True,True,True,True,True,True,True,True
Shunyi,31945,2016-10-22 01:00:00+08:00,True,True,True,True,True,True,True,True
Shunyi,31970,2016-10-23 02:00:00+08:00,True,True,True,True,True,True,True,True
Shunyi,31995,2016-10-24 03:00:00+08:00,True,True,True,True,True,True,True,True
Shunyi,32020,2016-10-25 04:00:00+08:00,True,True,True,True,True,True,True,True
Shunyi,32045,2016-10-26 05:00:00+08:00,False,False,True,True,True,True,True,True
Shunyi,32070,2016-10-27 06:00:00+08:00,False,False,False,True,False,False,True,True
Shunyi,32095,2016-10-28 07:00:00+08:00,False,True,False,True,False,False,True,True
Shunyi,32120,2016-10-29 08:00:00+08:00,False,True,True,True,False,False,True,True
Shunyi,32145,2016-10-30 09:00:00+08:00,False,True,True,True,True,False,True,True
Shunyi,32170,2016-10-31 10:00:00+08:00,False,True,False,True,True,False,True,True
Shunyi,32195,2016-11-01 11:00:00+08:00,False,True,True,True,True,False,True,True
Shunyi,32220,2016-11-02 12:00:00+08:00,False,False,True,False,True,False,True,True
Shunyi,32245,2016-11-03 13:00:00+08:00,False,True,True,False,True,True,True,True
Shunyi,32270,2016-11-04 14:00:00+08:00,True,True,True,True,True,True,True,True
Shunyi,32295,2016-11-05 15:00:00+08:00,True,True,True,True,True,True,True,True
Shunyi,32320,2016-11-06 16:00:00+08:00,True,True,True,True,True,True,True,True
Shunyi,32345,2016-11-07 17:00:00+08:00,True,True,True,True,True,True,True,True
Shunyi,32370,2016-11-08 18:00:00+08:00,True,True,True,True,True,True,True,True
Shunyi,32395,2016-11-09 19:00:00+08:00,True,True,True,True,True,True,True,True
Shunyi,32420,2016-11-10 20:00:00+08:00,True,True,True,True,True,True,True,True
Shunyi,32445,2016-11-11 21:00:00+08:00,True,True,True,True,True,True,True,True
Shunyi,32470,2016-11-12 22:00:00+08:00,True,True,True,True,True,True,True,True
Shunyi,32495,2016-11-13 23:00:00+08:00,True,True,True,True,True,True,True,True
Shunyi,32520,2016-11-15 00:00:00+08:00,True,True,True,True,True,True,True,True
Shunyi,32545,2016-11-16 01:00:00+08:00,True,True,True,True,True,True,True,True
Shunyi,32570,2016-11-17 02:00:00+08:00,True,True,True,True,True,True,True,True
Shunyi,32595,2016-11-18 03:00:00+08:00,True,True,True,True,True,True,True,True
Shunyi,32620,2016-11-19 04:00:00+08:00,True,True,True,True,True,True,True,True
Shunyi,32645,2016-11-20 05:00:00+08:00,True,True,True,True,True,True,True,True
Shunyi,32670,2016-11-21 06:00:00+08:00,True,True,True,True,True,True,True,True
Shunyi,32695,2016-11-22 07:00:00+08:00,True,True,True,True,True,True,True,True
Shunyi,32720,2016-11-23 08:00:00+08:00,True,True,True,True,True,True,True,True
Shunyi,32745,2016-11-24 09:00:00+08:00,True,True,True,True,True,True,True,True
Shunyi,32770,2016-11-25 10:00:00+08:00,True,True,True,True,True,True,True,True
Shunyi,32795,2016-11-26 11:00:00+08:00,True,True,True,True,True,True,True,True
Shunyi,32820,2016-11-27 12:00:00+08:00,True,True,True,True,True,True,True,True
Shunyi,32845,2016-11-28 13:00:00+08:00,True,True,True,True,True,True,True,True
Shunyi,32870,2016-11-29 14:00:00+08:00,True,True,True,True,True,True,True,True
Shunyi,32895,2016-11-30 15:00:00+08:00,True,True,True,True,True,True,True,True
Shunyi,32920,2016-12-01 16:00:00+08:00,True,True,True,True,True,True,True,True
Shunyi,32945,2016-12-02 17:00:00+08:00,True,True,True,True,True,True,True,True
Shunyi,32970,2016-12-03 18:00:00+08:00,True,True,True,True,True,True,True,True
Shunyi,32995,2016-12-04 19:00:00+08:00,True,True,True,True,True,True,True,True
Shunyi,33020,2016-12-05 20:00:00+08:00,True,True,True,True,True,True,True,True
Shunyi,33045,2016-12-06 21:00:00+08:00,True,True,True,True,True,True,True,True
Shunyi,33070,2016-12-07 22:00:00+08:00,True,True,True,True,True,True,True,True
Shunyi,33095,2016-12-08 23:00:00+08:00,True,True,True,True,True,True,True,True
Shunyi,33120,2016-12-10 00:00:00+08:00,True,True,True,True,True,True,True,True
Shunyi,33145,2016-12-11 01:00:00+08:00,True,True,True,True,True,True,True,True
Shunyi,33170,2016-12-12 02:00:00+08:00,True,True,True,True,True,True,True,True
Shunyi,33195,2016-12-13 03:00:00+08:00,True,True,True,True,True,True,True,True
Shunyi,33220,2016-12-14 04:00:00+08:00,True,True,True,True,True,True,True,True
Shunyi,33245,2016-12-15 05:00:00+08:00,True,True,True,True,True,True,True,True
Shunyi,33270,2016-12-16 06:00:00+08:00,True,True,True,True,True,True,True,True
Shunyi,33295,2016-12-17 07:00:00+08:00,True,True,True,True,True,True,True,True
Shunyi,33320,2016-12-18 08:00:00+08:00,True,True,True,True,True,True,True,True
Shunyi,33345,2016-12-19 09:00:00+08:00,True,True,True,True,True,True,True,True
Shunyi,33370,2016-12-20 10:00:00+08:00,True,True,True,True,True,True,True,True
Shunyi,33395,2016-12-21 11:00:00+08:00,True,True,True,True,True,True,True,True
Shunyi,33420,2016-12-22 12:00:00+08:00,False,False,True,True,True,True,True,True
Shunyi,33445,2016-12-23 13:00:00+08:00,False,True,False,True,True,True,True,True
Shunyi,33470,2016-12-24 14:00:00+08:00,True,True,True,True,True,True,True,True
Shunyi,33495,2016-12-25 15:00:00+08:00,True,True,True,True,True,True,True,True
Shunyi,33520,2016-12-26 16:00:00+08:00,True,True,True,True,True,True,True,True
Shunyi,33545,2016-12-27 17:00:00+08:00,True,True,True,True,True,True,True,True
Shunyi,33570,2016-12-28 18:00:00+08:00,True,True,True,True,True,True,True,True
Shunyi,33595,2016-12-29 19:00:00+08:00,True,True,True,True,True,True,True,True
Shunyi,33620,2016-12-30 20:00:00+08:00,True,True,True,True,True,True,True,True
Shunyi,33645,2016-12-31 21:00:00+08:00,True,True,True,True,True,True,True,True
Shunyi,33670,2017-01-01 22:00:00+08:00,True,True,True,True,True,True,True,True
Shunyi,33695,2017-01-02 23:00:00+08:00,True,True,True,True,True,True,True,True
Shunyi,33720,2017-01-04 00:00:00+08:00,True,True,True,True,True,True,True,True
Shunyi,33745,2017-01-05 01:00:00+08:00,True,True,True,True,True,True,True,True
Shunyi,33770,2017-01-06 02:00:00+08:00,True,True,True,True,True,True,True,True
Shunyi,33795,2017-01-07 03:00:00+08:00,True,True,True,True,True,True,True,True
Shunyi,33820,2017-01-08 04:00:00+08:00,True,True,True,True,True,True,True,True
Shunyi,33845,2017-01-09 05:00:00+08:00,True,True,True,True,True,True,True,True
Shunyi,33870,2017-01-10 06:00:00+08:00,True,True,True,True,True,True,True,True
Shunyi,33895,2017-01-11 07:00:00+08:00,True,True,True,True,True,True,True,True
Shunyi,33920,2017-01-12 08:00:00+08:00,True,True,True,True,True,True,True,True
Shunyi,33945,2017-01-13 09:00:00+08:00,True,True,True,True,True,True,True,True
Shunyi,33970,2017-01-14 10:00:00+08:00,True,True,True,True,True,True,True,True
Shunyi,33995,2017-01-15 11:00:00+08:00,True,True,True,True,True,True,True,True
Shunyi,34020,2017-01-16 12:00:00+08:00,True,True,True,True,True,True,True,True
Shunyi,34045,2017-01-17 13:00:00+08:00,True,True,True,True,True,True,True,True
Shunyi,34070,2017-01-18 14:00:00+08:00,True,True,True,True,True,True,True,True
Shunyi,34095,2017-01-19 15:00:00+08:00,True,True,True,True,True,True,True,True
Shunyi,34120,2017-01-20 16:00:00+08:00,True,True,True,True,True,True,True,True
Shunyi,34145,2017-01-21 17:00:00+08:00,True,True,True,True,True,True,True,True
Shunyi,34170,2017-01-22 18:00:00+08:00,True,True,True,True,True,True,True,True
Shunyi,34195,2017-01-23 19:00:00+08:00,True,True,True,True,True,True,True,True
Shunyi,34220,2017-01-24 20:00:00+08:00,True,True,True,True,True,True,True,True
Shunyi,34245,2017-01-25 21:00:00+08:00,False,True,False,True,True,True,True,True
Shunyi,34270,2017-01-26 22:00:00+08:00,True,True,True,True,True,True,True,True
Shunyi,34295,2017-01-27 23:00:00+08:00,True,True,True,True,True,True,True,True
Shunyi,34320,2017-01-29 00:00:00+08:00,True,True,True,True,True,True,True,True
Shunyi,34345,2017-01-30 01:00:00+08:00,True,True,True,True,True,True,True,True
Shunyi,34370,2017-01-31 02:00:00+08:00,True,True,True,True,True,True,True,True
Shunyi,34395,2017-02-01 03:00:00+08:00,True,True,True,True,True,True,True,True
Shunyi,34420,2017-02-02 04:00:00+08:00,True,True,True,True,True,True,True,True
Shunyi,34445,2017-02-03 05:00:00+08:00,True,True,True,True,True,True,True,True
Shunyi,34470,2017-02-04 06:00:00+08:00,True,True,True,True,True,True,True,True
Shunyi,34495,2017-02-05 07:00:00+08:00,True,True,True,True,True,True,True,True
Shunyi,34520,2017-02-06 08:00:00+08:00,True,True,True,True,True,True,True,True
Shunyi,34545,2017-02-07 09:00:00+08:00,True,True,True,True,True,True,True,True
Shunyi,34570,2017-02-08 10:00:00+08:00,True,True,True,True,True,True,True,True
Shunyi,34595,2017-02-09 11:00:00+08:00,False,True,False,True,True,True,True,True
Shunyi,34620,2017-02-10 12:00:00+08:00,True,True,True,True,True,True,True,True
Shunyi,34645,2017-02-11 13:00:00+08:00,True,True,True,True,True,True,True,True
Shunyi,34670,2017-02-12 14:00:00+08:00,True,True,True,True,True,True,True,True
Shunyi,34695,2017-02-13 15:00:00+08:00,True,True,True,True,True,True,True,True
Shunyi,34720,2017-02-14 16:00:00+08:00,True,True,True,True,True,True,True,True
Shunyi,34745,2017-02-15 17:00:00+08:00,True,True,True,True,True,True,True,True
Shunyi,34770,2017-02-16 18:00:00+08:00,True,True,True,True,True,True,True,True
Shunyi,34795,2017-02-17 19:00:00+08:00,True,True,True,True,True,True,True,True
Shunyi,34820,2017-02-18 20:00:00+08:00,True,True,True,True,True,True,True,True
Shunyi,34845,2017-02-19 21:00:00+08:00,True,True,True,True,True,True,True,True
Shunyi,34870,2017-02-20 22:00:00+08:00,False,False,False,True,True,True,True,True
Shunyi,34895,2017-02-21 23:00:00+08:00,False,True,False,True,False,True,True,True
Shunyi,34920,2017-02-23 00:00:00+08:00,False,True,True,True,False,True,True,True
Shunyi,34945,2017-02-24 01:00:00+08:00,False,True,False,True,False,True,True,True
Shunyi,34970,2017-02-25 02:00:00+08:00,True,True,True,True,True,True,True,True
Shunyi,34995,2017-02-26 03:00:00+08:00,True,True,True,True,True,True,True,True
Shunyi,35020,2017-02-27 04:00:00+08:00,False,True,True,False,True,True,True,True
Tiantan,30720,2016-09-01 00:00:00+08:00,True,True,True,True,True,True,True,True
Tiantan,30745,2016-09-02 01:00:00+08:00,True,True,True,True,True,True,True,True
Tiantan,30770,2016-09-03 02:00:00+08:00,True,True,True,True,True,True,True,True
Tiantan,30795,2016-09-04 03:00:00+08:00,True,True,True,True,True,True,True,True
Tiantan,30820,2016-09-05 04:00:00+08:00,True,True,True,True,True,True,True,True
Tiantan,30845,2016-09-06 05:00:00+08:00,False,False,True,True,True,True,True,True
Tiantan,30870,2016-09-07 06:00:00+08:00,False,False,False,True,False,True,True,True
Tiantan,30895,2016-09-08 07:00:00+08:00,False,False,False,True,False,False,True,True
Tiantan,30920,2016-09-09 08:00:00+08:00,False,True,False,True,False,False,True,True
Tiantan,30945,2016-09-10 09:00:00+08:00,False,True,True,True,True,False,True,True
Tiantan,30970,2016-09-11 10:00:00+08:00,False,True,True,True,True,False,True,True
Tiantan,30995,2016-09-12 11:00:00+08:00,False,True,True,True,True,False,True,True
Tiantan,31020,2016-09-13 12:00:00+08:00,False,True,True,False,True,False,True,True
Tiantan,31045,2016-09-14 13:00:00+08:00,False,True,True,False,True,True,True,True
Tiantan,31070,2016-09-15 14:00:00+08:00,True,True,True,True,True,True,True,True
Tiantan,31095,2016-09-16 15:00:00+08:00,True,True,True,True,True,True,True,True
Tiantan,31120,2016-09-17 16:00:00+08:00,True,True,True,True,True,True,True,True
Tiantan,31145,2016-09-18 17:00:00+08:00,True,True,True,True,True,True,True,True
Tiantan,31170,2016-09-19 18:00:00+08:00,True,True,True,True,True,True,True,True
Tiantan,31195,2016-09-20 19:00:00+08:00,True,True,True,True,True,True,True,True
Tiantan,31220,2016-09-21 20:00:00+08:00,True,True,True,True,True,True,True,True
Tiantan,31245,2016-09-22 21:00:00+08:00,False,False,False,True,True,True,True,True
Tiantan,31270,2016-09-23 22:00:00+08:00,False,True,False,True,False,True,True,True
Tiantan,31295,2016-09-24 23:00:00+08:00,False,True,True,True,False,True,True,True
Tiantan,31320,2016-09-26 00:00:00+08:00,True,True,True,True,True,True,True,True
Tiantan,31345,2016-09-27 01:00:00+08:00,True,True,True,True,True,True,True,True
Tiantan,31370,2016-09-28 02:00:00+08:00,True,True,True,True,True,True,True,True
Tiantan,31395,2016-09-29 03:00:00+08:00,False,True,True,False,True,True,True,True
Tiantan,31420,2016-09-30 04:00:00+08:00,True,True,True,True,True,True,True,True
Tiantan,31445,2016-10-01 05:00:00+08:00,True,True,True,True,True,True,True,True
Tiantan,31470,2016-10-02 06:00:00+08:00,True,True,True,True,True,True,True,True
Tiantan,31495,2016-10-03 07:00:00+08:00,True,True,True,True,True,True,True,True
Tiantan,31520,2016-10-04 08:00:00+08:00,True,True,True,True,True,True,True,True
Tiantan,31545,2016-10-05 09:00:00+08:00,True,True,True,True,True,True,True,True
Tiantan,31570,2016-10-06 10:00:00+08:00,True,True,True,True,True,True,True,True
Tiantan,31595,2016-10-07 11:00:00+08:00,True,True,True,True,True,True,True,True
Tiantan,31620,2016-10-08 12:00:00+08:00,True,True,True,True,True,True,True,True
Tiantan,31645,2016-10-09 13:00:00+08:00,True,True,True,True,True,True,True,True
Tiantan,31670,2016-10-10 14:00:00+08:00,True,True,True,True,True,True,True,True
Tiantan,31695,2016-10-11 15:00:00+08:00,True,True,True,True,True,True,True,True
Tiantan,31720,2016-10-12 16:00:00+08:00,True,True,True,True,True,True,True,True
Tiantan,31745,2016-10-13 17:00:00+08:00,True,True,True,True,True,True,True,True
Tiantan,31770,2016-10-14 18:00:00+08:00,False,True,False,True,True,True,True,True
Tiantan,31795,2016-10-15 19:00:00+08:00,False,True,False,True,True,True,True,True
Tiantan,31820,2016-10-16 20:00:00+08:00,True,True,True,True,True,True,True,True
Tiantan,31845,2016-10-17 21:00:00+08:00,True,True,True,True,True,True,True,True
Tiantan,31870,2016-10-18 22:00:00+08:00,True,True,True,True,True,True,True,True
Tiantan,31895,2016-10-19 23:00:00+08:00,True,True,True,True,True,True,True,True
Tiantan,31920,2016-10-21 00:00:00+08:00,True,True,True,True,True,True,True,True
Tiantan,31945,2016-10-22 01:00:00+08:00,True,True,True,True,True,True,True,True
Tiantan,31970,2016-10-23 02:00:00+08:00,True,True,True,True,True,True,True,True
Tiantan,31995,2016-10-24 03:00:00+08:00,True,True,True,True,True,True,True,True
Tiantan,32020,2016-10-25 04:00:00+08:00,True,True,True,True,True,True,True,True
Tiantan,32045,2016-10-26 05:00:00+08:00,True,True,True,True,True,True,True,True
Tiantan,32070,2016-10-27 06:00:00+08:00,True,True,True,True,True,True,True,True
Tiantan,32095,2016-10-28 07:00:00+08:00,False,False,True,True,True,True,True,True
Tiantan,32120,2016-10-29 08:00:00+08:00,True,True,True,True,True,True,True,True
Tiantan,32145,2016-10-30 09:00:00+08:00,True,True,True,True,True,True,True,True
Tiantan,32170,2016-10-31 10:00:00+08:00,True,True,True,True,True,True,True,True
Tiantan,32195,2016-11-01 11:00:00+08:00,False,True,False,True,True,True,True,True
Tiantan,32220,2016-11-02 12:00:00+08:00,True,True,True,True,True,True,True,True
Tiantan,32245,2016-11-03 13:00:00+08:00,True,True,True,True,True,True,True,True
Tiantan,32270,2016-11-04 14:00:00+08:00,True,True,True,True,True,True,True,True
Tiantan,32295,2016-11-05 15:00:00+08:00,True,True,True,True,True,True,True,True
Tiantan,32320,2016-11-06 16:00:00+08:00,True,True,True,True,True,True,True,True
Tiantan,32345,2016-11-07 17:00:00+08:00,True,True,True,True,True,True,True,True
Tiantan,32370,2016-11-08 18:00:00+08:00,True,True,True,True,True,True,True,True
Tiantan,32395,2016-11-09 19:00:00+08:00,True,True,True,True,True,True,True,True
Tiantan,32420,2016-11-10 20:00:00+08:00,True,True,True,True,True,True,True,True
Tiantan,32445,2016-11-11 21:00:00+08:00,True,True,True,True,True,True,True,True
Tiantan,32470,2016-11-12 22:00:00+08:00,True,True,True,True,True,True,True,True
Tiantan,32495,2016-11-13 23:00:00+08:00,True,True,True,True,True,True,True,True
Tiantan,32520,2016-11-15 00:00:00+08:00,True,True,True,True,True,True,True,True
Tiantan,32545,2016-11-16 01:00:00+08:00,True,True,True,True,True,True,True,True
Tiantan,32570,2016-11-17 02:00:00+08:00,False,True,False,True,True,True,True,True
Tiantan,32595,2016-11-18 03:00:00+08:00,True,True,True,True,True,True,True,True
Tiantan,32620,2016-11-19 04:00:00+08:00,True,True,True,True,True,True,True,True
Tiantan,32645,2016-11-20 05:00:00+08:00,True,True,True,True,True,True,True,True
Tiantan,32670,2016-11-21 06:00:00+08:00,True,True,True,True,True,True,True,True
Tiantan,32695,2016-11-22 07:00:00+08:00,True,True,True,True,True,True,True,True
Tiantan,32720,2016-11-23 08:00:00+08:00,True,True,True,True,True,True,True,True
Tiantan,32745,2016-11-24 09:00:00+08:00,True,True,True,True,True,True,True,True
Tiantan,32770,2016-11-25 10:00:00+08:00,True,True,True,True,True,True,True,True
Tiantan,32795,2016-11-26 11:00:00+08:00,True,True,True,True,True,True,True,True
Tiantan,32820,2016-11-27 12:00:00+08:00,True,True,True,True,True,True,True,True
Tiantan,32845,2016-11-28 13:00:00+08:00,True,True,True,True,True,True,True,True
Tiantan,32870,2016-11-29 14:00:00+08:00,True,True,True,True,True,True,True,True
Tiantan,32895,2016-11-30 15:00:00+08:00,True,True,True,True,True,True,True,True
Tiantan,32920,2016-12-01 16:00:00+08:00,True,True,True,True,True,True,True,True
Tiantan,32945,2016-12-02 17:00:00+08:00,True,True,True,True,True,True,True,True
Tiantan,32970,2016-12-03 18:00:00+08:00,True,True,True,True,True,True,True,True
Tiantan,32995,2016-12-04 19:00:00+08:00,True,True,True,True,True,True,True,True
Tiantan,33020,2016-12-05 20:00:00+08:00,True,True,True,True,True,True,True,True
Tiantan,33045,2016-12-06 21:00:00+08:00,False,True,False,True,True,True,True,True
Tiantan,33070,2016-12-07 22:00:00+08:00,True,True,True,True,True,True,True,True
Tiantan,33095,2016-12-08 23:00:00+08:00,True,True,True,True,True,True,True,True
Tiantan,33120,2016-12-10 00:00:00+08:00,True,True,True,True,True,True,True,True
Tiantan,33145,2016-12-11 01:00:00+08:00,True,True,True,True,True,True,True,True
Tiantan,33170,2016-12-12 02:00:00+08:00,True,True,True,True,True,True,True,True
Tiantan,33195,2016-12-13 03:00:00+08:00,True,True,True,True,True,True,True,True
Tiantan,33220,2016-12-14 04:00:00+08:00,True,True,True,True,True,True,True,True
Tiantan,33245,2016-12-15 05:00:00+08:00,True,True,True,True,True,True,True,True
Tiantan,33270,2016-12-16 06:00:00+08:00,True,True,True,True,True,True,True,True
Tiantan,33295,2016-12-17 07:00:00+08:00,True,True,True,True,True,True,True,True
Tiantan,33320,2016-12-18 08:00:00+08:00,True,True,True,True,True,True,True,True
Tiantan,33345,2016-12-19 09:00:00+08:00,True,True,True,True,True,True,True,True
Tiantan,33370,2016-12-20 10:00:00+08:00,True,True,True,True,True,True,True,True
Tiantan,33395,2016-12-21 11:00:00+08:00,True,True,True,True,True,True,True,True
Tiantan,33420,2016-12-22 12:00:00+08:00,True,True,True,True,True,True,True,True
Tiantan,33445,2016-12-23 13:00:00+08:00,True,True,True,True,True,True,True,True
Tiantan,33470,2016-12-24 14:00:00+08:00,True,True,True,True,True,True,True,True
Tiantan,33495,2016-12-25 15:00:00+08:00,True,True,True,True,True,True,True,True
Tiantan,33520,2016-12-26 16:00:00+08:00,True,True,True,True,True,True,True,True
Tiantan,33545,2016-12-27 17:00:00+08:00,True,True,True,True,True,True,True,True
Tiantan,33570,2016-12-28 18:00:00+08:00,False,True,False,True,True,True,True,True
Tiantan,33595,2016-12-29 19:00:00+08:00,True,True,True,True,True,True,True,True
Tiantan,33620,2016-12-30 20:00:00+08:00,True,True,True,True,True,True,True,True
Tiantan,33645,2016-12-31 21:00:00+08:00,True,True,True,True,True,True,True,True
Tiantan,33670,2017-01-01 22:00:00+08:00,True,True,True,True,True,True,True,True
Tiantan,33695,2017-01-02 23:00:00+08:00,True,True,True,True,True,True,True,True
Tiantan,33720,2017-01-04 00:00:00+08:00,True,True,True,True,True,True,True,True
Tiantan,33745,2017-01-05 01:00:00+08:00,True,True,True,True,True,True,True,True
Tiantan,33770,2017-01-06 02:00:00+08:00,True,True,True,True,True,True,True,True
Tiantan,33795,2017-01-07 03:00:00+08:00,True,True,True,True,True,True,True,True
Tiantan,33820,2017-01-08 04:00:00+08:00,True,True,True,True,True,True,True,True
Tiantan,33845,2017-01-09 05:00:00+08:00,True,True,True,True,True,True,True,True
Tiantan,33870,2017-01-10 06:00:00+08:00,True,True,True,True,True,True,True,True
Tiantan,33895,2017-01-11 07:00:00+08:00,True,True,True,True,True,True,True,True
Tiantan,33920,2017-01-12 08:00:00+08:00,True,True,True,True,True,True,True,True
Tiantan,33945,2017-01-13 09:00:00+08:00,True,True,True,True,True,True,True,True
Tiantan,33970,2017-01-14 10:00:00+08:00,True,True,True,True,True,True,True,True
Tiantan,33995,2017-01-15 11:00:00+08:00,True,True,True,True,True,True,True,True
Tiantan,34020,2017-01-16 12:00:00+08:00,False,False,True,True,True,True,True,True
Tiantan,34045,2017-01-17 13:00:00+08:00,False,True,False,True,True,True,True,True
Tiantan,34070,2017-01-18 14:00:00+08:00,True,True,True,True,True,True,True,True
Tiantan,34095,2017-01-19 15:00:00+08:00,True,True,True,True,True,True,True,True
Tiantan,34120,2017-01-20 16:00:00+08:00,True,True,True,True,True,True,True,True
Tiantan,34145,2017-01-21 17:00:00+08:00,True,True,True,True,True,True,True,True
Tiantan,34170,2017-01-22 18:00:00+08:00,False,True,True,False,True,True,True,True
Tiantan,34195,2017-01-23 19:00:00+08:00,True,True,True,True,True,True,True,True
Tiantan,34220,2017-01-24 20:00:00+08:00,True,True,True,True,True,True,True,True
Tiantan,34245,2017-01-25 21:00:00+08:00,False,True,False,True,True,True,True,True
Tiantan,34270,2017-01-26 22:00:00+08:00,True,True,True,True,True,True,True,True
Tiantan,34295,2017-01-27 23:00:00+08:00,True,True,True,True,True,True,True,True
Tiantan,34320,2017-01-29 00:00:00+08:00,True,True,True,True,True,True,True,True
Tiantan,34345,2017-01-30 01:00:00+08:00,True,True,True,True,True,True,True,True
Tiantan,34370,2017-01-31 02:00:00+08:00,True,True,True,True,True,True,True,True
Tiantan,34395,2017-02-01 03:00:00+08:00,True,True,True,True,True,True,True,True
Tiantan,34420,2017-02-02 04:00:00+08:00,True,True,True,True,True,True,True,True
Tiantan,34445,2017-02-03 05:00:00+08:00,True,True,True,True,True,True,True,True
Tiantan,34470,2017-02-04 06:00:00+08:00,True,True,True,True,True,True,True,True
Tiantan,34495,2017-02-05 07:00:00+08:00,True,True,True,True,True,True,True,True
Tiantan,34520,2017-02-06 08:00:00+08:00,True,True,True,True,True,True,True,True
Tiantan,34545,2017-02-07 09:00:00+08:00,True,True,True,True,True,True,True,True
Tiantan,34570,2017-02-08 10:00:00+08:00,True,True,True,True,True,True,True,True
Tiantan,34595,2017-02-09 11:00:00+08:00,False,True,False,True,True,True,True,True
Tiantan,34620,2017-02-10 12:00:00+08:00,True,True,True,True,True,True,True,True
Tiantan,34645,2017-02-11 13:00:00+08:00,True,True,True,True,True,True,True,True
Tiantan,34670,2017-02-12 14:00:00+08:00,True,True,True,True,True,True,True,True
Tiantan,34695,2017-02-13 15:00:00+08:00,True,True,True,True,True,True,True,True
Tiantan,34720,2017-02-14 16:00:00+08:00,True,True,True,True,True,True,True,True
Tiantan,34745,2017-02-15 17:00:00+08:00,True,True,True,True,True,True,True,True
Tiantan,34770,2017-02-16 18:00:00+08:00,False,True,False,True,True,True,True,True
Tiantan,34795,2017-02-17 19:00:00+08:00,True,True,True,True,True,True,True,True
Tiantan,34820,2017-02-18 20:00:00+08:00,True,True,True,True,True,True,True,True
Tiantan,34845,2017-02-19 21:00:00+08:00,True,True,True,True,True,True,True,True
Tiantan,34870,2017-02-20 22:00:00+08:00,False,False,False,True,True,True,True,True
Tiantan,34895,2017-02-21 23:00:00+08:00,False,True,False,True,False,True,True,True
Tiantan,34920,2017-02-23 00:00:00+08:00,False,True,True,True,False,True,True,True
Tiantan,34945,2017-02-24 01:00:00+08:00,True,True,True,True,True,True,True,True
Tiantan,34970,2017-02-25 02:00:00+08:00,True,True,True,True,True,True,True,True
Tiantan,34995,2017-02-26 03:00:00+08:00,True,True,True,True,True,True,True,True
Tiantan,35020,2017-02-27 04:00:00+08:00,False,True,False,False,True,True,True,True
Wanliu,30720,2016-09-01 00:00:00+08:00,True,True,True,True,True,True,True,True
Wanliu,30745,2016-09-02 01:00:00+08:00,True,True,True,True,True,True,True,True
Wanliu,30770,2016-09-03 02:00:00+08:00,True,True,True,True,True,True,True,True
Wanliu,30795,2016-09-04 03:00:00+08:00,True,True,True,True,True,True,True,True
Wanliu,30820,2016-09-05 04:00:00+08:00,True,True,True,True,True,True,True,True
Wanliu,30845,2016-09-06 05:00:00+08:00,False,False,False,True,True,True,True,True
Wanliu,30870,2016-09-07 06:00:00+08:00,False,False,False,True,False,True,True,True
Wanliu,30895,2016-09-08 07:00:00+08:00,False,True,False,True,False,False,True,True
Wanliu,30920,2016-09-09 08:00:00+08:00,False,True,True,True,False,False,True,True
Wanliu,30945,2016-09-10 09:00:00+08:00,False,True,True,True,True,False,True,True
Wanliu,30970,2016-09-11 10:00:00+08:00,False,True,True,True,True,False,True,True
Wanliu,30995,2016-09-12 11:00:00+08:00,False,True,True,False,True,False,True,True
Wanliu,31020,2016-09-13 12:00:00+08:00,False,True,True,False,True,False,True,True
Wanliu,31045,2016-09-14 13:00:00+08:00,True,True,True,True,True,True,True,True
Wanliu,31070,2016-09-15 14:00:00+08:00,True,True,True,True,True,True,True,True
Wanliu,31095,2016-09-16 15:00:00+08:00,True,True,True,True,True,True,True,True
Wanliu,31120,2016-09-17 16:00:00+08:00,True,True,True,True,True,True,True,True
Wanliu,31145,2016-09-18 17:00:00+08:00,True,True,True,True,True,True,True,True
Wanliu,31170,2016-09-19 18:00:00+08:00,True,True,True,True,True,True,True,True
Wanliu,31195,2016-09-20 19:00:00+08:00,True,True,True,True,True,True,True,True
Wanliu,31220,2016-09-21 20:00:00+08:00,True,True,True,True,True,True,True,True
Wanliu,31245,2016-09-22 21:00:00+08:00,True,True,True,True,True,True,True,True
Wanliu,31270,2016-09-23 22:00:00+08:00,False,True,False,True,True,True,True,True
Wanliu,31295,2016-09-24 23:00:00+08:00,True,True,True,True,True,True,True,True
Wanliu,31320,2016-09-26 00:00:00+08:00,True,True,True,True,True,True,True,True
Wanliu,31345,2016-09-27 01:00:00+08:00,True,True,True,True,True,True,True,True
Wanliu,31370,2016-09-28 02:00:00+08:00,True,True,True,True,True,True,True,True
Wanliu,31395,2016-09-29 03:00:00+08:00,True,True,True,True,True,True,True,True
Wanliu,31420,2016-09-30 04:00:00+08:00,True,True,True,True,True,True,True,True
Wanliu,31445,2016-10-01 05:00:00+08:00,True,True,True,True,True,True,True,True
Wanliu,31470,2016-10-02 06:00:00+08:00,True,True,True,True,True,True,True,True
Wanliu,31495,2016-10-03 07:00:00+08:00,True,True,True,True,True,True,True,True
Wanliu,31520,2016-10-04 08:00:00+08:00,True,True,True,True,True,True,True,True
Wanliu,31545,2016-10-05 09:00:00+08:00,True,True,True,True,True,True,True,True
Wanliu,31570,2016-10-06 10:00:00+08:00,True,True,True,True,True,True,True,True
Wanliu,31595,2016-10-07 11:00:00+08:00,True,True,True,True,True,True,True,True
Wanliu,31620,2016-10-08 12:00:00+08:00,True,True,True,True,True,True,True,True
Wanliu,31645,2016-10-09 13:00:00+08:00,True,True,True,True,True,True,True,True
Wanliu,31670,2016-10-10 14:00:00+08:00,True,True,True,True,True,True,True,True
Wanliu,31695,2016-10-11 15:00:00+08:00,True,True,True,True,True,True,True,True
Wanliu,31720,2016-10-12 16:00:00+08:00,False,False,False,True,True,True,True,True
Wanliu,31745,2016-10-13 17:00:00+08:00,False,True,False,True,True,True,True,True
Wanliu,31770,2016-10-14 18:00:00+08:00,True,True,True,True,True,True,True,True
Wanliu,31795,2016-10-15 19:00:00+08:00,False,True,False,True,True,True,True,True
Wanliu,31820,2016-10-16 20:00:00+08:00,True,True,True,True,True,True,True,True
Wanliu,31845,2016-10-17 21:00:00+08:00,True,True,True,True,True,True,True,True
Wanliu,31870,2016-10-18 22:00:00+08:00,True,True,True,True,True,True,True,True
Wanliu,31895,2016-10-19 23:00:00+08:00,True,True,True,True,True,True,True,True
Wanliu,31920,2016-10-21 00:00:00+08:00,True,True,True,True,True,True,True,True
Wanliu,31945,2016-10-22 01:00:00+08:00,True,True,True,True,True,True,True,True
Wanliu,31970,2016-10-23 02:00:00+08:00,True,True,True,True,True,True,True,True
Wanliu,31995,2016-10-24 03:00:00+08:00,True,True,True,True,True,True,True,True
Wanliu,32020,2016-10-25 04:00:00+08:00,True,True,True,True,True,True,True,True
Wanliu,32045,2016-10-26 05:00:00+08:00,True,True,True,True,True,True,True,True
Wanliu,32070,2016-10-27 06:00:00+08:00,True,True,True,True,True,True,True,True
Wanliu,32095,2016-10-28 07:00:00+08:00,True,True,True,True,True,True,True,True
Wanliu,32120,2016-10-29 08:00:00+08:00,True,True,True,True,True,True,True,True
Wanliu,32145,2016-10-30 09:00:00+08:00,False,True,False,True,True,True,True,True
Wanliu,32170,2016-10-31 10:00:00+08:00,True,True,True,True,True,True,True,True
Wanliu,32195,2016-11-01 11:00:00+08:00,True,True,True,True,True,True,True,True
Wanliu,32220,2016-11-02 12:00:00+08:00,True,True,True,True,True,True,True,True
Wanliu,32245,2016-11-03 13:00:00+08:00,True,True,True,True,True,True,True,True
Wanliu,32270,2016-11-04 14:00:00+08:00,True,True,True,True,True,True,True,True
Wanliu,32295,2016-11-05 15:00:00+08:00,True,True,True,True,True,True,True,True
Wanliu,32320,2016-11-06 16:00:00+08:00,True,True,True,True,True,True,True,True
Wanliu,32345,2016-11-07 17:00:00+08:00,True,True,True,True,True,True,True,True
Wanliu,32370,2016-11-08 18:00:00+08:00,True,True,True,True,True,True,True,True
Wanliu,32395,2016-11-09 19:00:00+08:00,True,True,True,True,True,True,True,True
Wanliu,32420,2016-11-10 20:00:00+08:00,True,True,True,True,True,True,True,True
Wanliu,32445,2016-11-11 21:00:00+08:00,True,True,True,True,True,True,True,True
Wanliu,32470,2016-11-12 22:00:00+08:00,True,True,True,True,True,True,True,True
Wanliu,32495,2016-11-13 23:00:00+08:00,True,True,True,True,True,True,True,True
Wanliu,32520,2016-11-15 00:00:00+08:00,True,True,True,True,True,True,True,True
Wanliu,32545,2016-11-16 01:00:00+08:00,True,True,True,True,True,True,True,True
Wanliu,32570,2016-11-17 02:00:00+08:00,True,True,True,True,True,True,True,True
Wanliu,32595,2016-11-18 03:00:00+08:00,True,True,True,True,True,True,True,True
Wanliu,32620,2016-11-19 04:00:00+08:00,True,True,True,True,True,True,True,True
Wanliu,32645,2016-11-20 05:00:00+08:00,True,True,True,True,True,True,True,True
Wanliu,32670,2016-11-21 06:00:00+08:00,True,True,True,True,True,True,True,True
Wanliu,32695,2016-11-22 07:00:00+08:00,True,True,True,True,True,True,True,True
Wanliu,32720,2016-11-23 08:00:00+08:00,True,True,True,True,True,True,True,True
Wanliu,32745,2016-11-24 09:00:00+08:00,True,True,True,True,True,True,True,True
Wanliu,32770,2016-11-25 10:00:00+08:00,False,True,False,True,True,True,True,True
Wanliu,32795,2016-11-26 11:00:00+08:00,True,True,True,True,True,True,True,True
Wanliu,32820,2016-11-27 12:00:00+08:00,True,True,True,True,True,True,True,True
Wanliu,32845,2016-11-28 13:00:00+08:00,True,True,True,True,True,True,True,True
Wanliu,32870,2016-11-29 14:00:00+08:00,True,True,True,True,True,True,True,True
Wanliu,32895,2016-11-30 15:00:00+08:00,True,True,True,True,True,True,True,True
Wanliu,32920,2016-12-01 16:00:00+08:00,True,True,True,True,True,True,True,True
Wanliu,32945,2016-12-02 17:00:00+08:00,True,True,True,True,True,True,True,True
Wanliu,32970,2016-12-03 18:00:00+08:00,True,True,True,True,True,True,True,True
Wanliu,32995,2016-12-04 19:00:00+08:00,True,True,True,True,True,True,True,True
Wanliu,33020,2016-12-05 20:00:00+08:00,True,True,True,True,True,True,True,True
Wanliu,33045,2016-12-06 21:00:00+08:00,True,True,True,True,True,True,True,True
Wanliu,33070,2016-12-07 22:00:00+08:00,True,True,True,True,True,True,True,True
Wanliu,33095,2016-12-08 23:00:00+08:00,True,True,True,True,True,True,True,True
Wanliu,33120,2016-12-10 00:00:00+08:00,True,True,True,True,True,True,True,True
Wanliu,33145,2016-12-11 01:00:00+08:00,True,True,True,True,True,True,True,True
Wanliu,33170,2016-12-12 02:00:00+08:00,True,True,True,True,True,True,True,True
Wanliu,33195,2016-12-13 03:00:00+08:00,True,True,True,True,True,True,True,True
Wanliu,33220,2016-12-14 04:00:00+08:00,True,True,True,True,True,True,True,True
Wanliu,33245,2016-12-15 05:00:00+08:00,True,True,True,True,True,True,True,True
Wanliu,33270,2016-12-16 06:00:00+08:00,True,True,True,True,True,True,True,True
Wanliu,33295,2016-12-17 07:00:00+08:00,True,True,True,True,True,True,True,True
Wanliu,33320,2016-12-18 08:00:00+08:00,True,True,True,True,True,True,True,True
Wanliu,33345,2016-12-19 09:00:00+08:00,True,True,True,True,True,True,True,True
Wanliu,33370,2016-12-20 10:00:00+08:00,True,True,True,True,True,True,True,True
Wanliu,33395,2016-12-21 11:00:00+08:00,True,True,True,True,True,True,True,True
Wanliu,33420,2016-12-22 12:00:00+08:00,True,True,True,True,True,True,True,True
Wanliu,33445,2016-12-23 13:00:00+08:00,True,True,True,True,True,True,True,True
Wanliu,33470,2016-12-24 14:00:00+08:00,True,True,True,True,True,True,True,True
Wanliu,33495,2016-12-25 15:00:00+08:00,True,True,True,True,True,True,True,True
Wanliu,33520,2016-12-26 16:00:00+08:00,True,True,True,True,True,True,True,True
Wanliu,33545,2016-12-27 17:00:00+08:00,False,True,False,True,True,True,True,True
Wanliu,33570,2016-12-28 18:00:00+08:00,True,True,True,True,True,True,True,True
Wanliu,33595,2016-12-29 19:00:00+08:00,True,True,True,True,True,True,True,True
Wanliu,33620,2016-12-30 20:00:00+08:00,False,True,False,True,True,True,True,True
Wanliu,33645,2016-12-31 21:00:00+08:00,True,True,True,True,True,True,True,True
Wanliu,33670,2017-01-01 22:00:00+08:00,True,True,True,True,True,True,True,True
Wanliu,33695,2017-01-02 23:00:00+08:00,True,True,True,True,True,True,True,True
Wanliu,33720,2017-01-04 00:00:00+08:00,True,True,True,True,True,True,True,True
Wanliu,33745,2017-01-05 01:00:00+08:00,True,True,True,True,True,True,True,True
Wanliu,33770,2017-01-06 02:00:00+08:00,False,True,True,False,True,True,True,True
Wanliu,33795,2017-01-07 03:00:00+08:00,True,True,True,True,True,True,True,True
Wanliu,33820,2017-01-08 04:00:00+08:00,True,True,True,True,True,True,True,True
Wanliu,33845,2017-01-09 05:00:00+08:00,True,True,True,True,True,True,True,True
Wanliu,33870,2017-01-10 06:00:00+08:00,False,True,False,True,True,True,True,True
Wanliu,33895,2017-01-11 07:00:00+08:00,True,True,True,True,True,True,True,True
Wanliu,33920,2017-01-12 08:00:00+08:00,True,True,True,True,True,True,True,True
Wanliu,33945,2017-01-13 09:00:00+08:00,True,True,True,True,True,True,True,True
Wanliu,33970,2017-01-14 10:00:00+08:00,True,True,True,True,True,True,True,True
Wanliu,33995,2017-01-15 11:00:00+08:00,True,True,True,True,True,True,True,True
Wanliu,34020,2017-01-16 12:00:00+08:00,False,True,True,False,True,True,True,True
Wanliu,34045,2017-01-17 13:00:00+08:00,True,True,True,True,True,True,True,True
Wanliu,34070,2017-01-18 14:00:00+08:00,True,True,True,True,True,True,True,True
Wanliu,34095,2017-01-19 15:00:00+08:00,True,True,True,True,True,True,True,True
Wanliu,34120,2017-01-20 16:00:00+08:00,True,True,True,True,True,True,True,True
Wanliu,34145,2017-01-21 17:00:00+08:00,True,True,True,True,True,True,True,True
Wanliu,34170,2017-01-22 18:00:00+08:00,True,True,True,True,True,True,True,True
Wanliu,34195,2017-01-23 19:00:00+08:00,True,True,True,True,True,True,True,True
Wanliu,34220,2017-01-24 20:00:00+08:00,True,True,True,True,True,True,True,True
Wanliu,34245,2017-01-25 21:00:00+08:00,False,True,False,True,True,True,True,True
Wanliu,34270,2017-01-26 22:00:00+08:00,True,True,True,True,True,True,True,True
Wanliu,34295,2017-01-27 23:00:00+08:00,True,True,True,True,True,True,True,True
Wanliu,34320,2017-01-29 00:00:00+08:00,True,True,True,True,True,True,True,True
Wanliu,34345,2017-01-30 01:00:00+08:00,True,True,True,True,True,True,True,True
Wanliu,34370,2017-01-31 02:00:00+08:00,True,True,True,True,True,True,True,True
Wanliu,34395,2017-02-01 03:00:00+08:00,True,True,True,True,True,True,True,True
Wanliu,34420,2017-02-02 04:00:00+08:00,True,True,True,True,True,True,True,True
Wanliu,34445,2017-02-03 05:00:00+08:00,True,True,True,True,True,True,True,True
Wanliu,34470,2017-02-04 06:00:00+08:00,True,True,True,True,True,True,True,True
Wanliu,34495,2017-02-05 07:00:00+08:00,True,True,True,True,True,True,True,True
Wanliu,34520,2017-02-06 08:00:00+08:00,True,True,True,True,True,True,True,True
Wanliu,34545,2017-02-07 09:00:00+08:00,True,True,True,True,True,True,True,True
Wanliu,34570,2017-02-08 10:00:00+08:00,True,True,True,True,True,True,True,True
Wanliu,34595,2017-02-09 11:00:00+08:00,False,True,False,True,True,True,True,True
Wanliu,34620,2017-02-10 12:00:00+08:00,True,True,True,True,True,True,True,True
Wanliu,34645,2017-02-11 13:00:00+08:00,True,True,True,True,True,True,True,True
Wanliu,34670,2017-02-12 14:00:00+08:00,True,True,True,True,True,True,True,True
Wanliu,34695,2017-02-13 15:00:00+08:00,True,True,True,True,True,True,True,True
Wanliu,34720,2017-02-14 16:00:00+08:00,True,True,True,True,True,True,True,True
Wanliu,34745,2017-02-15 17:00:00+08:00,True,True,True,True,True,True,True,True
Wanliu,34770,2017-02-16 18:00:00+08:00,False,True,False,True,True,True,True,True
Wanliu,34795,2017-02-17 19:00:00+08:00,True,True,True,True,True,True,True,True
Wanliu,34820,2017-02-18 20:00:00+08:00,True,True,True,True,True,True,True,True
Wanliu,34845,2017-02-19 21:00:00+08:00,True,True,True,True,True,True,True,True
Wanliu,34870,2017-02-20 22:00:00+08:00,False,False,False,True,True,True,True,True
Wanliu,34895,2017-02-21 23:00:00+08:00,False,True,False,True,False,True,True,True
Wanliu,34920,2017-02-23 00:00:00+08:00,False,True,False,True,False,True,True,True
Wanliu,34945,2017-02-24 01:00:00+08:00,True,True,True,True,True,True,True,True
Wanliu,34970,2017-02-25 02:00:00+08:00,True,True,True,True,True,True,True,True
Wanliu,34995,2017-02-26 03:00:00+08:00,True,True,True,True,True,True,True,True
Wanliu,35020,2017-02-27 04:00:00+08:00,False,True,True,False,True,True,True,True
Wanshouxigong,30720,2016-09-01 00:00:00+08:00,True,True,True,True,True,True,True,True
Wanshouxigong,30745,2016-09-02 01:00:00+08:00,True,True,True,True,True,True,True,True
Wanshouxigong,30770,2016-09-03 02:00:00+08:00,True,True,True,True,True,True,True,True
Wanshouxigong,30795,2016-09-04 03:00:00+08:00,True,True,True,True,True,True,True,True
Wanshouxigong,30820,2016-09-05 04:00:00+08:00,True,True,True,True,True,True,True,True
Wanshouxigong,30845,2016-09-06 05:00:00+08:00,False,False,True,True,True,True,True,True
Wanshouxigong,30870,2016-09-07 06:00:00+08:00,False,False,False,True,False,True,True,True
Wanshouxigong,30895,2016-09-08 07:00:00+08:00,False,True,False,True,False,False,True,True
Wanshouxigong,30920,2016-09-09 08:00:00+08:00,False,True,True,True,False,False,True,True
Wanshouxigong,30945,2016-09-10 09:00:00+08:00,False,True,True,True,True,False,True,True
Wanshouxigong,30970,2016-09-11 10:00:00+08:00,False,True,True,True,True,False,True,True
Wanshouxigong,30995,2016-09-12 11:00:00+08:00,False,True,True,True,True,False,True,True
Wanshouxigong,31020,2016-09-13 12:00:00+08:00,False,True,True,False,True,False,True,True
Wanshouxigong,31045,2016-09-14 13:00:00+08:00,True,True,True,True,True,True,True,True
Wanshouxigong,31070,2016-09-15 14:00:00+08:00,True,True,True,True,True,True,True,True
Wanshouxigong,31095,2016-09-16 15:00:00+08:00,True,True,True,True,True,True,True,True
Wanshouxigong,31120,2016-09-17 16:00:00+08:00,True,True,True,True,True,True,True,True
Wanshouxigong,31145,2016-09-18 17:00:00+08:00,True,True,True,True,True,True,True,True
Wanshouxigong,31170,2016-09-19 18:00:00+08:00,True,True,True,True,True,True,True,True
Wanshouxigong,31195,2016-09-20 19:00:00+08:00,True,True,True,True,True,True,True,True
Wanshouxigong,31220,2016-09-21 20:00:00+08:00,True,True,True,True,True,True,True,True
Wanshouxigong,31245,2016-09-22 21:00:00+08:00,False,False,True,True,True,True,True,True
Wanshouxigong,31270,2016-09-23 22:00:00+08:00,False,True,False,True,False,True,True,True
Wanshouxigong,31295,2016-09-24 23:00:00+08:00,False,True,False,True,False,True,True,True
Wanshouxigong,31320,2016-09-26 00:00:00+08:00,False,True,True,True,False,True,True,True
Wanshouxigong,31345,2016-09-27 01:00:00+08:00,True,True,True,True,True,True,True,True
Wanshouxigong,31370,2016-09-28 02:00:00+08:00,True,True,True,True,True,True,True,True
Wanshouxigong,31395,2016-09-29 03:00:00+08:00,True,True,True,True,True,True,True,True
Wanshouxigong,31420,2016-09-30 04:00:00+08:00,True,True,True,True,True,True,True,True
Wanshouxigong,31445,2016-10-01 05:00:00+08:00,False,True,True,False,True,True,True,True
Wanshouxigong,31470,2016-10-02 06:00:00+08:00,True,True,True,True,True,True,True,True
Wanshouxigong,31495,2016-10-03 07:00:00+08:00,True,True,True,True,True,True,True,True
Wanshouxigong,31520,2016-10-04 08:00:00+08:00,True,True,True,True,True,True,True,True
Wanshouxigong,31545,2016-10-05 09:00:00+08:00,True,True,True,True,True,True,True,True
Wanshouxigong,31570,2016-10-06 10:00:00+08:00,True,True,True,True,True,True,True,True
Wanshouxigong,31595,2016-10-07 11:00:00+08:00,True,True,True,True,True,True,True,True
Wanshouxigong,31620,2016-10-08 12:00:00+08:00,True,True,True,True,True,True,True,True
Wanshouxigong,31645,2016-10-09 13:00:00+08:00,True,True,True,True,True,True,True,True
Wanshouxigong,31670,2016-10-10 14:00:00+08:00,True,True,True,True,True,True,True,True
Wanshouxigong,31695,2016-10-11 15:00:00+08:00,True,True,True,True,True,True,True,True
Wanshouxigong,31720,2016-10-12 16:00:00+08:00,True,True,True,True,True,True,True,True
Wanshouxigong,31745,2016-10-13 17:00:00+08:00,True,True,True,True,True,True,True,True
Wanshouxigong,31770,2016-10-14 18:00:00+08:00,False,True,False,True,True,True,True,True
Wanshouxigong,31795,2016-10-15 19:00:00+08:00,True,True,True,True,True,True,True,True
Wanshouxigong,31820,2016-10-16 20:00:00+08:00,True,True,True,True,True,True,True,True
Wanshouxigong,31845,2016-10-17 21:00:00+08:00,True,True,True,True,True,True,True,True
Wanshouxigong,31870,2016-10-18 22:00:00+08:00,True,True,True,True,True,True,True,True
Wanshouxigong,31895,2016-10-19 23:00:00+08:00,True,True,True,True,True,True,True,True
Wanshouxigong,31920,2016-10-21 00:00:00+08:00,True,True,True,True,True,True,True,True
Wanshouxigong,31945,2016-10-22 01:00:00+08:00,True,True,True,True,True,True,True,True
Wanshouxigong,31970,2016-10-23 02:00:00+08:00,True,True,True,True,True,True,True,True
Wanshouxigong,31995,2016-10-24 03:00:00+08:00,True,True,True,True,True,True,True,True
Wanshouxigong,32020,2016-10-25 04:00:00+08:00,True,True,True,True,True,True,True,True
Wanshouxigong,32045,2016-10-26 05:00:00+08:00,True,True,True,True,True,True,True,True
Wanshouxigong,32070,2016-10-27 06:00:00+08:00,True,True,True,True,True,True,True,True
Wanshouxigong,32095,2016-10-28 07:00:00+08:00,True,True,True,True,True,True,True,True
Wanshouxigong,32120,2016-10-29 08:00:00+08:00,False,True,False,True,True,True,True,True
Wanshouxigong,32145,2016-10-30 09:00:00+08:00,True,True,True,True,True,True,True,True
Wanshouxigong,32170,2016-10-31 10:00:00+08:00,True,True,True,True,True,True,True,True
Wanshouxigong,32195,2016-11-01 11:00:00+08:00,True,True,True,True,True,True,True,True
Wanshouxigong,32220,2016-11-02 12:00:00+08:00,True,True,True,True,True,True,True,True
Wanshouxigong,32245,2016-11-03 13:00:00+08:00,True,True,True,True,True,True,True,True
Wanshouxigong,32270,2016-11-04 14:00:00+08:00,True,True,True,True,True,True,True,True
Wanshouxigong,32295,2016-11-05 15:00:00+08:00,True,True,True,True,True,True,True,True
Wanshouxigong,32320,2016-11-06 16:00:00+08:00,True,True,True,True,True,True,True,True
Wanshouxigong,32345,2016-11-07 17:00:00+08:00,True,True,True,True,True,True,True,True
Wanshouxigong,32370,2016-11-08 18:00:00+08:00,False,True,False,True,True,True,True,True
Wanshouxigong,32395,2016-11-09 19:00:00+08:00,True,True,True,True,True,True,True,True
Wanshouxigong,32420,2016-11-10 20:00:00+08:00,True,True,True,True,True,True,True,True
Wanshouxigong,32445,2016-11-11 21:00:00+08:00,True,True,True,True,True,True,True,True
Wanshouxigong,32470,2016-11-12 22:00:00+08:00,True,True,True,True,True,True,True,True
Wanshouxigong,32495,2016-11-13 23:00:00+08:00,True,True,True,True,True,True,True,True
Wanshouxigong,32520,2016-11-15 00:00:00+08:00,True,True,True,True,True,True,True,True
Wanshouxigong,32545,2016-11-16 01:00:00+08:00,True,True,True,True,True,True,True,True
Wanshouxigong,32570,2016-11-17 02:00:00+08:00,True,True,True,True,True,True,True,True
Wanshouxigong,32595,2016-11-18 03:00:00+08:00,True,True,True,True,True,True,True,True
Wanshouxigong,32620,2016-11-19 04:00:00+08:00,True,True,True,True,True,True,True,True
Wanshouxigong,32645,2016-11-20 05:00:00+08:00,True,True,True,True,True,True,True,True
Wanshouxigong,32670,2016-11-21 06:00:00+08:00,True,True,True,True,True,True,True,True
Wanshouxigong,32695,2016-11-22 07:00:00+08:00,True,True,True,True,True,True,True,True
Wanshouxigong,32720,2016-11-23 08:00:00+08:00,True,True,True,True,True,True,True,True
Wanshouxigong,32745,2016-11-24 09:00:00+08:00,True,True,True,True,True,True,True,True
Wanshouxigong,32770,2016-11-25 10:00:00+08:00,True,True,True,True,True,True,True,True
Wanshouxigong,32795,2016-11-26 11:00:00+08:00,True,True,True,True,True,True,True,True
Wanshouxigong,32820,2016-11-27 12:00:00+08:00,True,True,True,True,True,True,True,True
Wanshouxigong,32845,2016-11-28 13:00:00+08:00,True,True,True,True,True,True,True,True
Wanshouxigong,32870,2016-11-29 14:00:00+08:00,True,True,True,True,True,True,True,True
Wanshouxigong,32895,2016-11-30 15:00:00+08:00,True,True,True,True,True,True,True,True
Wanshouxigong,32920,2016-12-01 16:00:00+08:00,True,True,True,True,True,True,True,True
Wanshouxigong,32945,2016-12-02 17:00:00+08:00,True,True,True,True,True,True,True,True
Wanshouxigong,32970,2016-12-03 18:00:00+08:00,True,True,True,True,True,True,True,True
Wanshouxigong,32995,2016-12-04 19:00:00+08:00,True,True,True,True,True,True,True,True
Wanshouxigong,33020,2016-12-05 20:00:00+08:00,True,True,True,True,True,True,True,True
Wanshouxigong,33045,2016-12-06 21:00:00+08:00,False,True,False,True,True,True,True,True
Wanshouxigong,33070,2016-12-07 22:00:00+08:00,True,True,True,True,True,True,True,True
Wanshouxigong,33095,2016-12-08 23:00:00+08:00,True,True,True,True,True,True,True,True
Wanshouxigong,33120,2016-12-10 00:00:00+08:00,True,True,True,True,True,True,True,True
Wanshouxigong,33145,2016-12-11 01:00:00+08:00,True,True,True,True,True,True,True,True
Wanshouxigong,33170,2016-12-12 02:00:00+08:00,False,True,False,True,True,True,True,True
Wanshouxigong,33195,2016-12-13 03:00:00+08:00,True,True,True,True,True,True,True,True
Wanshouxigong,33220,2016-12-14 04:00:00+08:00,True,True,True,True,True,True,True,True
Wanshouxigong,33245,2016-12-15 05:00:00+08:00,True,True,True,True,True,True,True,True
Wanshouxigong,33270,2016-12-16 06:00:00+08:00,True,True,True,True,True,True,True,True
Wanshouxigong,33295,2016-12-17 07:00:00+08:00,True,True,True,True,True,True,True,True
Wanshouxigong,33320,2016-12-18 08:00:00+08:00,True,True,True,True,True,True,True,True
Wanshouxigong,33345,2016-12-19 09:00:00+08:00,True,True,True,True,True,True,True,True
Wanshouxigong,33370,2016-12-20 10:00:00+08:00,True,True,True,True,True,True,True,True
Wanshouxigong,33395,2016-12-21 11:00:00+08:00,True,True,True,True,True,True,True,True
Wanshouxigong,33420,2016-12-22 12:00:00+08:00,True,True,True,True,True,True,True,True
Wanshouxigong,33445,2016-12-23 13:00:00+08:00,True,True,True,True,True,True,True,True
Wanshouxigong,33470,2016-12-24 14:00:00+08:00,True,True,True,True,True,True,True,True
Wanshouxigong,33495,2016-12-25 15:00:00+08:00,True,True,True,True,True,True,True,True
Wanshouxigong,33520,2016-12-26 16:00:00+08:00,True,True,True,True,True,True,True,True
Wanshouxigong,33545,2016-12-27 17:00:00+08:00,True,True,True,True,True,True,True,True
Wanshouxigong,33570,2016-12-28 18:00:00+08:00,False,True,False,True,True,True,True,True
Wanshouxigong,33595,2016-12-29 19:00:00+08:00,True,True,True,True,True,True,True,True
Wanshouxigong,33620,2016-12-30 20:00:00+08:00,True,True,True,True,True,True,True,True
Wanshouxigong,33645,2016-12-31 21:00:00+08:00,True,True,True,True,True,True,True,True
Wanshouxigong,33670,2017-01-01 22:00:00+08:00,True,True,True,True,True,True,True,True
Wanshouxigong,33695,2017-01-02 23:00:00+08:00,True,True,True,True,True,True,True,True
Wanshouxigong,33720,2017-01-04 00:00:00+08:00,True,True,True,True,True,True,True,True
Wanshouxigong,33745,2017-01-05 01:00:00+08:00,True,True,True,True,True,True,True,True
Wanshouxigong,33770,2017-01-06 02:00:00+08:00,True,True,True,True,True,True,True,True
Wanshouxigong,33795,2017-01-07 03:00:00+08:00,True,True,True,True,True,True,True,True
Wanshouxigong,33820,2017-01-08 04:00:00+08:00,True,True,True,True,True,True,True,True
Wanshouxigong,33845,2017-01-09 05:00:00+08:00,True,True,True,True,True,True,True,True
Wanshouxigong,33870,2017-01-10 06:00:00+08:00,True,True,True,True,True,True,True,True
Wanshouxigong,33895,2017-01-11 07:00:00+08:00,True,True,True,True,True,True,True,True
Wanshouxigong,33920,2017-01-12 08:00:00+08:00,True,True,True,True,True,True,True,True
Wanshouxigong,33945,2017-01-13 09:00:00+08:00,True,True,True,True,True,True,True,True
Wanshouxigong,33970,2017-01-14 10:00:00+08:00,True,True,True,True,True,True,True,True
Wanshouxigong,33995,2017-01-15 11:00:00+08:00,True,True,True,True,True,True,True,True
Wanshouxigong,34020,2017-01-16 12:00:00+08:00,True,True,True,True,True,True,True,True
Wanshouxigong,34045,2017-01-17 13:00:00+08:00,True,True,True,True,True,True,True,True
Wanshouxigong,34070,2017-01-18 14:00:00+08:00,True,True,True,True,True,True,True,True
Wanshouxigong,34095,2017-01-19 15:00:00+08:00,True,True,True,True,True,True,True,True
Wanshouxigong,34120,2017-01-20 16:00:00+08:00,True,True,True,True,True,True,True,True
Wanshouxigong,34145,2017-01-21 17:00:00+08:00,True,True,True,True,True,True,True,True
Wanshouxigong,34170,2017-01-22 18:00:00+08:00,True,True,True,True,True,True,True,True
Wanshouxigong,34195,2017-01-23 19:00:00+08:00,True,True,True,True,True,True,True,True
Wanshouxigong,34220,2017-01-24 20:00:00+08:00,True,True,True,True,True,True,True,True
Wanshouxigong,34245,2017-01-25 21:00:00+08:00,False,True,False,True,True,True,True,True
Wanshouxigong,34270,2017-01-26 22:00:00+08:00,True,True,True,True,True,True,True,True
Wanshouxigong,34295,2017-01-27 23:00:00+08:00,True,True,True,True,True,True,True,True
Wanshouxigong,34320,2017-01-29 00:00:00+08:00,True,True,True,True,True,True,True,True
Wanshouxigong,34345,2017-01-30 01:00:00+08:00,True,True,True,True,True,True,True,True
Wanshouxigong,34370,2017-01-31 02:00:00+08:00,True,True,True,True,True,True,True,True
Wanshouxigong,34395,2017-02-01 03:00:00+08:00,True,True,True,True,True,True,True,True
Wanshouxigong,34420,2017-02-02 04:00:00+08:00,True,True,True,True,True,True,True,True
Wanshouxigong,34445,2017-02-03 05:00:00+08:00,True,True,True,True,True,True,True,True
Wanshouxigong,34470,2017-02-04 06:00:00+08:00,True,True,True,True,True,True,True,True
Wanshouxigong,34495,2017-02-05 07:00:00+08:00,True,True,True,True,True,True,True,True
Wanshouxigong,34520,2017-02-06 08:00:00+08:00,True,True,True,True,True,True,True,True
Wanshouxigong,34545,2017-02-07 09:00:00+08:00,True,True,True,True,True,True,True,True
Wanshouxigong,34570,2017-02-08 10:00:00+08:00,True,True,True,True,True,True,True,True
Wanshouxigong,34595,2017-02-09 11:00:00+08:00,False,True,False,True,True,True,True,True
Wanshouxigong,34620,2017-02-10 12:00:00+08:00,True,True,True,True,True,True,True,True
Wanshouxigong,34645,2017-02-11 13:00:00+08:00,True,True,True,True,True,True,True,True
Wanshouxigong,34670,2017-02-12 14:00:00+08:00,True,True,True,True,True,True,True,True
Wanshouxigong,34695,2017-02-13 15:00:00+08:00,True,True,True,True,True,True,True,True
Wanshouxigong,34720,2017-02-14 16:00:00+08:00,True,True,True,True,True,True,True,True
Wanshouxigong,34745,2017-02-15 17:00:00+08:00,True,True,True,True,True,True,True,True
Wanshouxigong,34770,2017-02-16 18:00:00+08:00,True,True,True,True,True,True,True,True
Wanshouxigong,34795,2017-02-17 19:00:00+08:00,True,True,True,True,True,True,True,True
Wanshouxigong,34820,2017-02-18 20:00:00+08:00,True,True,True,True,True,True,True,True
Wanshouxigong,34845,2017-02-19 21:00:00+08:00,True,True,True,True,True,True,True,True
Wanshouxigong,34870,2017-02-20 22:00:00+08:00,False,False,False,True,True,True,True,True
Wanshouxigong,34895,2017-02-21 23:00:00+08:00,False,True,False,True,False,True,True,True
Wanshouxigong,34920,2017-02-23 00:00:00+08:00,False,True,False,True,False,True,True,True
Wanshouxigong,34945,2017-02-24 01:00:00+08:00,False,True,False,True,False,False,True,True
Wanshouxigong,34970,2017-02-25 02:00:00+08:00,False,True,True,True,True,False,True,True
Wanshouxigong,34995,2017-02-26 03:00:00+08:00,False,True,False,True,True,False,True,True
Wanshouxigong,35020,2017-02-27 04:00:00+08:00,False,True,False,False,True,False,True,True
