station,model,history_hours,horizon,n,mae,rmse,mase,bias,high_n,high_mae,high_bias,overall_pinball,overall_coverage80,overall_width80,high_pinball,high_coverage80,high_width80
Aotizhongxin,Chronos-2,24,1,140,13.552799357686723,21.817073102728592,0.24076748481912805,3.2046761478696553,32,24.068811416625977,3.6742734909057617,4.402320242155166,0.75,46.201621011325294,8.300212383270264,0.8125,85.39360046386719
Aotizhongxin,Chronos-2,24,6,140,51.70391040188925,81.83038943566646,0.9185276144235069,1.674370653288705,33,77.86141967773438,-33.9163466944839,17.877613344760167,0.6214285714285714,112.41371286255973,26.005482995389684,0.696969696969697,193.96204642093542
Aotizhongxin,Chronos-2,24,24,140,82.85489217894418,120.69074103641235,1.4719294123962747,12.10974759374346,28,121.86291108812604,-46.05585411616734,28.736294559808005,0.55,180.10401939153672,41.25804721060253,0.6428571428571429,351.8779330253601
Aotizhongxin,Chronos-2,72,1,140,12.506099264962332,20.39891741308844,0.22217270288263702,4.0896382331848145,32,23.668717861175537,5.07590913772583,4.117192918573107,0.7714285714285715,39.39561839444297,7.825828806559245,0.78125,73.53225755691528
Aotizhongxin,Chronos-2,72,6,140,45.99536411421639,77.62031198561527,0.8171144454255442,-3.0706214700426373,33,80.65458448005445,-43.238778779000945,15.688015809059142,0.6714285714285714,108.39988346099854,27.145690817784775,0.6666666666666666,196.68072949033794
Aotizhongxin,Chronos-2,72,24,140,77.6827242578779,110.59366403178431,1.380045084402367,0.6809934207371303,28,115.02251740864345,-88.80649873188564,25.549179005395796,0.5857142857142857,189.02801318849836,38.29058377629235,0.6428571428571429,280.26049668448314
Aotizhongxin,Chronos-2,168,1,140,13.347762094225203,22.19204221645267,0.23712496751219037,3.3475374630519323,32,24.479897499084473,2.5875654220581055,4.5036440601803,0.7357142857142858,39.28906482287815,8.311296447118123,0.78125,79.81593561172485
Aotizhongxin,Chronos-2,168,6,140,47.714486612592424,80.67666288198099,0.8476549108383385,-13.711872400556292,33,95.45407532200669,-78.55807460438122,15.540676767939615,0.6642857142857143,109.69872166088649,31.681300292352233,0.6666666666666666,211.60245849146986
Aotizhongxin,Chronos-2,168,24,140,68.0380537373679,98.05278582538692,1.2087060863218455,-25.488197483335224,28,147.62731879098075,-133.13640975952148,20.84879360630399,0.6571428571428571,161.7747602054051,44.391465105329246,0.5357142857142857,247.80651800973075
Aotizhongxin,Chronos-2,720,1,140,11.88407209941319,20.225648608972044,0.21112229829935827,3.9582708767482213,32,20.391794681549072,3.501274585723877,4.012645915803455,0.7071428571428572,37.28144418171474,7.34334618250529,0.84375,73.30798578262329
Aotizhongxin,Chronos-2,720,6,140,40.33191449301584,72.35327086343521,0.7165024253764962,-9.617243875776019,33,83.76471386533795,-59.91787141742128,13.574753733589537,0.7214285714285714,103.28450378690447,29.103335216791944,0.7878787878787878,199.81327750466087
Aotizhongxin,Chronos-2,720,24,140,55.935000841958185,83.27382261370374,0.9936935617980523,-11.631603990282331,28,118.3292852129255,-89.22917556762695,16.6620336269197,0.7214285714285714,159.75541410446166,33.105355044773646,0.7142857142857143,255.8311764853341
Aotizhongxin,Chronos-2,2160,1,140,12.510265404837472,20.36343966015896,0.22224671497362047,3.952223232814244,32,22.119792461395264,3.487853527069092,4.145148593811761,0.7285714285714285,36.2316808291844,7.400292634963989,0.78125,64.86156463623047
Aotizhongxin,Chronos-2,2160,6,140,42.9032874924796,76.35911403010034,0.7621832469745503,-8.074053505488804,33,86.14348556056167,-58.73852469704368,14.556544702166601,0.7071428571428572,107.37903624943324,29.836510043674043,0.696969696969697,196.61409065940163
Aotizhongxin,Chronos-2,2160,24,140,62.68823229925973,87.7095138853982,1.1136657173257383,-11.420139135633196,28,122.87188652583531,-106.04137243543353,18.684722906748455,0.6785714285714286,175.32476055962698,36.418706226348874,0.6428571428571429,253.90402902875627
Aotizhongxin,LightGBM calendar,0,1,140,76.36209546302214,99.72468287503733,1.3565839185630904,-11.223010749327964,32,158.41582091572212,-158.41582091572212,,,,,,
Aotizhongxin,LightGBM calendar,0,6,140,84.38143981506231,118.94784846431753,1.499048756902492,-15.368209286512988,33,181.0938555763415,-181.0938555763415,,,,,,
Aotizhongxin,LightGBM calendar,0,24,140,71.688417074853,92.08378296642732,1.2735553308392715,-5.908329245828325,28,145.23915846242426,-145.23915846242426,,,,,,
Aotizhongxin,LightGBM global,24,1,140,11.277644077708288,18.10548448542336,0.20034901481332207,2.6829835300447007,32,20.570078098861547,2.1836022326334303,,,,,,
Aotizhongxin,LightGBM global,24,6,140,41.71643089049256,76.73552056840502,0.7410985639242308,-7.193543908247675,33,86.24247468442597,-68.37192814949809,,,,,,
Aotizhongxin,LightGBM global,24,24,140,61.191407470523515,82.93689031933897,1.0870744028881607,4.027452183357068,28,92.94684875231215,-91.437322049933,,,,,,
Aotizhongxin,LightGBM global,72,1,140,11.277644077708288,18.10548448542336,0.20034901481332207,2.6829835300447007,32,20.570078098861547,2.1836022326334303,,,,,,
Aotizhongxin,LightGBM global,72,6,140,41.71643089049256,76.73552056840502,0.7410985639242308,-7.193543908247675,33,86.24247468442597,-68.37192814949809,,,,,,
Aotizhongxin,LightGBM global,72,24,140,61.191407470523515,82.93689031933897,1.0870744028881607,4.027452183357068,28,92.94684875231215,-91.437322049933,,,,,,
Aotizhongxin,LightGBM global,168,1,140,11.277644077708288,18.10548448542336,0.20034901481332207,2.6829835300447007,32,20.570078098861547,2.1836022326334303,,,,,,
Aotizhongxin,LightGBM global,168,6,140,41.71643089049256,76.73552056840502,0.7410985639242308,-7.193543908247675,33,86.24247468442597,-68.37192814949809,,,,,,
Aotizhongxin,LightGBM global,168,24,140,61.191407470523515,82.93689031933897,1.0870744028881607,4.027452183357068,28,92.94684875231215,-91.437322049933,,,,,,
Aotizhongxin,LightGBM global,720,1,140,11.277644077708288,18.10548448542336,0.20034901481332207,2.6829835300447007,32,20.570078098861547,2.1836022326334303,,,,,,
Aotizhongxin,LightGBM global,720,6,140,41.71643089049256,76.73552056840502,0.7410985639242308,-7.193543908247675,33,86.24247468442597,-68.37192814949809,,,,,,
Aotizhongxin,LightGBM global,720,24,140,61.191407470523515,82.93689031933897,1.0870744028881607,4.027452183357068,28,92.94684875231215,-91.437322049933,,,,,,
Aotizhongxin,LightGBM global,2160,1,140,11.277644077708288,18.10548448542336,0.20034901481332207,2.6829835300447007,32,20.570078098861547,2.1836022326334303,,,,,,
Aotizhongxin,LightGBM global,2160,6,140,41.71643089049256,76.73552056840502,0.7410985639242308,-7.193543908247675,33,86.24247468442597,-68.37192814949809,,,,,,
Aotizhongxin,LightGBM global,2160,24,140,61.191407470523515,82.93689031933897,1.0870744028881607,4.027452183357068,28,92.94684875231215,-91.437322049933,,,,,,
Aotizhongxin,LightGBM global+local,24,1,140,11.277644077708288,18.10548448542336,0.20034901481332207,2.6829835300447007,32,20.570078098861547,2.1836022326334303,,,,,,
Aotizhongxin,LightGBM global+local,24,6,140,41.71643089049256,76.73552056840502,0.7410985639242308,-7.193543908247675,33,86.24247468442597,-68.37192814949809,,,,,,
Aotizhongxin,LightGBM global+local,24,24,140,61.191407470523515,82.93689031933897,1.0870744028881607,4.027452183357068,28,92.94684875231215,-91.437322049933,,,,,,
Aotizhongxin,LightGBM global+local,72,1,140,11.19292672053597,18.33998913488412,0.1988439984348914,2.601901309687543,32,19.82820629829477,1.6990857798967687,,,,,,
Aotizhongxin,LightGBM global+local,72,6,140,41.507124921343035,76.83954299507938,0.7373802124294764,-9.168515130792242,33,87.26328896852097,-70.31702854774502,,,,,,
Aotizhongxin,LightGBM global+local,72,24,140,61.92610657724081,84.66726942156349,1.1001264411685663,3.4146167098819125,28,95.76437495321571,-94.91891285169467,,,,,,
Aotizhongxin,LightGBM global+local,168,1,140,10.962178061840667,18.11585971316583,0.1947447143893451,2.907957854706535,32,19.371696701899747,2.632624698691594,,,,,,
Aotizhongxin,LightGBM global+local,168,6,140,41.38679049170196,76.42653549378898,0.7352424534914758,-9.01322687485096,33,86.85215711506352,-68.51742940259554,,,,,,
Aotizhongxin,LightGBM global+local,168,24,140,60.36187838637968,83.48171816261211,1.0723376960350228,4.952742655145712,28,90.88914493086057,-88.19425646549305,,,,,,
Aotizhongxin,LightGBM global+local,720,1,140,11.364082065123439,18.612399853022342,0.2018845984424687,2.95030002954821,32,21.83600092749221,2.647101324886118,,,,,,
Aotizhongxin,LightGBM global+local,720,6,140,40.69035565917571,75.55220465145065,0.722870185700713,-8.635334068368456,33,84.98802763746488,-67.58602241576398,,,,,,
Aotizhongxin,LightGBM global+local,720,24,140,60.81534711382878,83.33547474426882,1.080393635038512,4.11330668096507,28,92.0758548485246,-91.45791316248206,,,,,,
Aotizhongxin,LightGBM global+local,2160,1,140,11.597550629952178,19.744883572799882,0.20603220202270361,3.43636448345872,32,22.362274765469962,4.031651781147938,,,,,,
Aotizhongxin,LightGBM global+local,2160,6,140,41.248709659716766,76.32781988111998,0.7327894270914389,-8.12810311030599,33,86.54912122489648,-67.2493832065807,,,,,,
Aotizhongxin,LightGBM global+local,2160,24,140,62.06910304705969,84.08162227869595,1.1026667946016586,6.300583191478456,28,92.81700509805924,-85.51840583721493,,,,,,
Aotizhongxin,Persistence,24,1,140,12.585714285714285,21.041455680224626,0.22358707550001056,1.4714285714285715,32,23.0625,-3.0625,,,,,,
Aotizhongxin,Persistence,24,6,140,42.864285714285714,76.15684004548959,0.7614903746172323,-4.578571428571428,33,74.78787878787878,-40.60606060606061,,,,,,
Aotizhongxin,Persistence,24,24,140,77.18571428571428,110.97766828124863,1.3712156287475108,4.942857142857143,28,103.46428571428571,-73.46428571428571,,,,,,
Aotizhongxin,Persistence,72,1,140,12.585714285714285,21.041455680224626,0.22358707550001056,1.4714285714285715,32,23.0625,-3.0625,,,,,,
Aotizhongxin,Persistence,72,6,140,42.864285714285714,76.15684004548959,0.7614903746172323,-4.578571428571428,33,74.78787878787878,-40.60606060606061,,,,,,
Aotizhongxin,Persistence,72,24,140,77.18571428571428,110.97766828124863,1.3712156287475108,4.942857142857143,28,103.46428571428571,-73.46428571428571,,,,,,
Aotizhongxin,Persistence,168,1,140,12.585714285714285,21.041455680224626,0.22358707550001056,1.4714285714285715,32,23.0625,-3.0625,,,,,,
Aotizhongxin,Persistence,168,6,140,42.864285714285714,76.15684004548959,0.7614903746172323,-4.578571428571428,33,74.78787878787878,-40.60606060606061,,,,,,
Aotizhongxin,Persistence,168,24,140,77.18571428571428,110.97766828124863,1.3712156287475108,4.942857142857143,28,103.46428571428571,-73.46428571428571,,,,,,
Aotizhongxin,Persistence,720,1,140,12.585714285714285,21.041455680224626,0.22358707550001056,1.4714285714285715,32,23.0625,-3.0625,,,,,,
Aotizhongxin,Persistence,720,6,140,42.864285714285714,76.15684004548959,0.7614903746172323,-4.578571428571428,33,74.78787878787878,-40.60606060606061,,,,,,
Aotizhongxin,Persistence,720,24,140,77.18571428571428,110.97766828124863,1.3712156287475108,4.942857142857143,28,103.46428571428571,-73.46428571428571,,,,,,
Aotizhongxin,Persistence,2160,1,140,12.585714285714285,21.041455680224626,0.22358707550001056,1.4714285714285715,32,23.0625,-3.0625,,,,,,
Aotizhongxin,Persistence,2160,6,140,42.864285714285714,76.15684004548959,0.7614903746172323,-4.578571428571428,33,74.78787878787878,-40.60606060606061,,,,,,
Aotizhongxin,Persistence,2160,24,140,77.18571428571428,110.97766828124863,1.3712156287475108,4.942857142857143,28,103.46428571428571,-73.46428571428571,,,,,,
Aotizhongxin,Seasonal day,24,1,140,75.94285714285714,107.33592129385204,1.3491360878071015,5.628571428571429,32,108.65625,-59.84375,,,,,,
Aotizhongxin,Seasonal day,24,6,140,89.79285714285714,143.03383715550868,1.5951833859878735,2.5357142857142856,33,137.78787878787878,-97.3030303030303,,,,,,
Aotizhongxin,Seasonal day,24,24,140,77.18571428571428,110.97766828124863,1.3712156287475108,4.942857142857143,28,103.46428571428571,-73.46428571428571,,,,,,
Aotizhongxin,Seasonal day,72,1,140,75.94285714285714,107.33592129385204,1.3491360878071015,5.628571428571429,32,108.65625,-59.84375,,,,,,
Aotizhongxin,Seasonal day,72,6,140,89.79285714285714,143.03383715550868,1.5951833859878735,2.5357142857142856,33,137.78787878787878,-97.3030303030303,,,,,,
Aotizhongxin,Seasonal day,72,24,140,77.18571428571428,110.97766828124863,1.3712156287475108,4.942857142857143,28,103.46428571428571,-73.46428571428571,,,,,,
Aotizhongxin,Seasonal day,168,1,140,75.94285714285714,107.33592129385204,1.3491360878071015,5.628571428571429,32,108.65625,-59.84375,,,,,,
Aotizhongxin,Seasonal day,168,6,140,89.79285714285714,143.03383715550868,1.5951833859878735,2.5357142857142856,33,137.78787878787878,-97.3030303030303,,,,,,
Aotizhongxin,Seasonal day,168,24,140,77.18571428571428,110.97766828124863,1.3712156287475108,4.942857142857143,28,103.46428571428571,-73.46428571428571,,,,,,
Aotizhongxin,Seasonal day,720,1,140,75.94285714285714,107.33592129385204,1.3491360878071015,5.628571428571429,32,108.65625,-59.84375,,,,,,
Aotizhongxin,Seasonal day,720,6,140,89.79285714285714,143.03383715550868,1.5951833859878735,2.5357142857142856,33,137.78787878787878,-97.3030303030303,,,,,,
Aotizhongxin,Seasonal day,720,24,140,77.18571428571428,110.97766828124863,1.3712156287475108,4.942857142857143,28,103.46428571428571,-73.46428571428571,,,,,,
Aotizhongxin,Seasonal day,2160,1,140,75.94285714285714,107.33592129385204,1.3491360878071015,5.628571428571429,32,108.65625,-59.84375,,,,,,
Aotizhongxin,Seasonal day,2160,6,140,89.79285714285714,143.03383715550868,1.5951833859878735,2.5357142857142856,33,137.78787878787878,-97.3030303030303,,,,,,
Aotizhongxin,Seasonal day,2160,24,140,77.18571428571428,110.97766828124863,1.3712156287475108,4.942857142857143,28,103.46428571428571,-73.46428571428571,,,,,,
Aotizhongxin,Seasonal week,168,1,140,104.25,142.72673690858147,1.852016666811949,-1.3785714285714286,32,175.46875,-149.59375,,,,,,
Aotizhongxin,Seasonal week,168,6,140,102.16428571428571,146.49692829544242,1.8149636440843655,-11.092857142857143,33,191.15151515151516,-169.6969696969697,,,,,,
Aotizhongxin,Seasonal week,168,24,140,104.71428571428571,143.55755441136293,1.8602647711862403,7.614285714285714,28,181.25,-126.96428571428571,,,,,,
Aotizhongxin,Seasonal week,720,1,140,104.25,142.72673690858147,1.852016666811949,-1.3785714285714286,32,175.46875,-149.59375,,,,,,
Aotizhongxin,Seasonal week,720,6,140,102.16428571428571,146.49692829544242,1.8149636440843655,-11.092857142857143,33,191.15151515151516,-169.6969696969697,,,,,,
Aotizhongxin,Seasonal week,720,24,140,104.71428571428571,143.55755441136293,1.8602647711862403,7.614285714285714,28,181.25,-126.96428571428571,,,,,,
Aotizhongxin,Seasonal week,2160,1,140,104.25,142.72673690858147,1.852016666811949,-1.3785714285714286,32,175.46875,-149.59375,,,,,,
Aotizhongxin,Seasonal week,2160,6,140,102.16428571428571,146.49692829544242,1.8149636440843655,-11.092857142857143,33,191.15151515151516,-169.6969696969697,,,,,,
Aotizhongxin,Seasonal week,2160,24,140,104.71428571428571,143.55755441136293,1.8602647711862403,7.614285714285714,28,181.25,-126.96428571428571,,,,,,
Changping,Chronos-2,24,1,147,12.328447880388117,19.78903538652073,0.2750057192113154,-0.7333135864361614,23,23.45962789784307,-6.775593633237093,4.334492733689392,0.8367346938775511,47.01015821119555,7.710414742732392,0.8695652173913043,103.51081582774286
Changping,Chronos-2,24,6,147,39.604712570605635,63.627249732598656,0.8834463648877383,-0.7013329226954453,24,63.550324122111,-34.25270652770996,13.63713986435715,0.6462585034013606,97.11553732878497,21.325323486328124,0.7916666666666666,178.80466016133627
Changping,Chronos-2,24,24,147,67.49882941343347,96.8927176113334,1.505669189573504,-0.8162423283064446,28,121.51769052233014,-65.76862675803048,23.900507639865484,0.5578231292517006,145.32704935592858,43.58236307643709,0.6071428571428571,272.4147120203291
Changping,Chronos-2,72,1,147,11.493971649481326,19.046419106828633,0.2563913941744766,-0.023372611221002072,23,19.744870393172555,-5.005068571671195,4.0253056110978935,0.7755102040816326,40.27851667209547,6.537493741685065,0.8260869565217391,82.33955781356148
Changping,Chronos-2,72,6,147,37.23843173591458,62.579202862276915,0.8306626917835715,2.096544473349643,24,72.1802126566569,-24.07362111409505,12.53693906206663,0.7278911564625851,93.9929691982918,22.54656269815233,0.7916666666666666,189.10473744074503
Changping,Chronos-2,72,24,147,66.64674666463112,96.6255796089204,1.4866621230363848,0.34411428088233587,28,124.54738943917411,-67.625002179827,21.971085669610503,0.5986394557823129,163.76291056392955,41.30874402636574,0.6071428571428571,294.46821090153287
Changping,Chronos-2,168,1,147,12.603520902646641,21.674969898790827,0.2811416622802051,0.9047695114499047,23,24.628357597019363,-1.0662755551545515,4.272367026962661,0.782312925170068,39.76375858475562,7.476387267181837,0.8695652173913043,91.3445520815642
Changping,Chronos-2,168,6,147,35.02426087450819,56.35313468311542,0.7812720745618816,-2.7641187622433616,24,71.43378416697185,-41.35181268056234,11.307521002200724,0.7414965986394558,94.34585623514084,22.761558638678657,0.7916666666666666,196.08774026234946
Changping,Chronos-2,168,24,147,62.071944989314694,99.45104035194794,1.3846138654474562,-16.745060258982132,28,139.9114468438285,-128.26932866232735,20.118922133024046,0.6258503401360545,141.29295569698826,46.55747432481676,0.5714285714285714,237.83624873842513
Changping,Chronos-2,720,1,147,11.641891362715741,20.621927070082887,0.259690979614447,1.5518736158098494,23,25.253932123598844,1.6167662247367527,3.9610769829782497,0.7346938775510204,38.131611947299675,8.442995154339332,0.782608695652174,86.74801038659137
Changping,Chronos-2,720,6,147,31.304684385961416,55.25689198284341,0.6983009806075874,-0.31217014546297034,24,54.99114100138346,-39.21210606892904,10.11330286748285,0.782312925170068,91.23855813993077,19.22060104476081,0.75,184.91540479660034
Changping,Chronos-2,720,24,147,54.543815742544574,86.85907435746249,1.2166869197435193,-15.540496981873805,28,124.38492012023926,-118.87951850891113,17.145261626773408,0.6530612244897959,134.59768011780824,40.35619089035761,0.4642857142857143,216.4162698473249
Changping,Chronos-2,2160,1,147,11.510882111633716,20.10335207171053,0.25676860903976484,1.3133216390804368,23,24.131415325662363,0.3410923170006793,4.053529095811909,0.7278911564625851,35.907218465999684,7.819815395189367,0.6956521739130435,76.12080515985903
Changping,Chronos-2,2160,6,147,31.192171771510118,53.9100779157108,0.6957912070531446,1.6276508642702687,24,49.94558588663737,-30.54796600341797,10.223521880498009,0.7551020408163265,94.67565404152384,17.66843215094672,0.7916666666666666,191.5085703531901
Changping,Chronos-2,2160,24,147,56.30253955296108,85.5689084709487,1.255918063117784,-16.93286743942572,28,126.81132480076381,-120.66549873352051,17.472074923872135,0.6666666666666666,147.29526889567472,40.49704363005502,0.5,239.08961357389177
Changping,LightGBM calendar,0,1,147,69.31313894396409,98.5998187447964,1.5461402612085013,-3.47473744522681,23,170.79821210806438,-170.79821210806438,,,,,,
Changping,LightGBM calendar,0,6,147,66.68056700130225,85.4065769360955,1.4874165396588541,3.8211675578812536,24,143.19055692420594,-143.19055692420594,,,,,,
Changping,LightGBM calendar,0,24,147,69.34863100873712,90.7539034779361,1.5469319683961291,0.7178917448995472,28,141.79680247948383,-141.79680247948383,,,,,,
Changping,LightGBM global,24,1,147,10.524439152428819,18.260876578604755,0.2347644234286447,0.7553314529685142,23,19.181725588844113,-2.0954405668574325,,,,,,
Changping,LightGBM global,24,6,147,30.97170368909551,49.651822099057995,0.6908733143746982,2.0003887573141745,24,64.65531736364177,-38.135942532289896,,,,,,
Changping,LightGBM global,24,24,147,54.39921595129426,78.29042610580932,1.2134613904655105,-5.153775454523706,28,111.67509400393111,-105.02035112116589,,,,,,
Changping,LightGBM global,72,1,147,10.524439152428819,18.260876578604755,0.2347644234286447,0.7553314529685142,23,19.181725588844113,-2.0954405668574325,,,,,,
Changping,LightGBM global,72,6,147,30.97170368909551,49.651822099057995,0.6908733143746982,2.0003887573141745,24,64.65531736364177,-38.135942532289896,,,,,,
Changping,LightGBM global,72,24,147,54.39921595129426,78.29042610580932,1.2134613904655105,-5.153775454523706,28,111.67509400393111,-105.02035112116589,,,,,,
Changping,LightGBM global,168,1,147,10.524439152428819,18.260876578604755,0.2347644234286447,0.7553314529685142,23,19.181725588844113,-2.0954405668574325,,,,,,
Changping,LightGBM global,168,6,147,30.97170368909551,49.651822099057995,0.6908733143746982,2.0003887573141745,24,64.65531736364177,-38.135942532289896,,,,,,
Changping,LightGBM global,168,24,147,54.39921595129426,78.29042610580932,1.2134613904655105,-5.153775454523706,28,111.67509400393111,-105.02035112116589,,,,,,
Changping,LightGBM global,720,1,147,10.524439152428819,18.260876578604755,0.2347644234286447,0.7553314529685142,23,19.181725588844113,-2.0954405668574325,,,,,,
Changping,LightGBM global,720,6,147,30.97170368909551,49.651822099057995,0.6908733143746982,2.0003887573141745,24,64.65531736364177,-38.135942532289896,,,,,,
Changping,LightGBM global,720,24,147,54.39921595129426,78.29042610580932,1.2134613904655105,-5.153775454523706,28,111.67509400393111,-105.02035112116589,,,,,,
Changping,LightGBM global,2160,1,147,10.524439152428819,18.260876578604755,0.2347644234286447,0.7553314529685142,23,19.181725588844113,-2.0954405668574325,,,,,,
Changping,LightGBM global,2160,6,147,30.97170368909551,49.651822099057995,0.6908733143746982,2.0003887573141745,24,64.65531736364177,-38.135942532289896,,,,,,
Changping,LightGBM global,2160,24,147,54.39921595129426,78.29042610580932,1.2134613904655105,-5.153775454523706,28,111.67509400393111,-105.02035112116589,,,,,,
Changping,LightGBM global+local,24,1,147,10.524439152428819,18.260876578604755,0.2347644234286447,0.7553314529685142,23,19.181725588844113,-2.0954405668574325,,,,,,
Changping,LightGBM global+local,24,6,147,30.97170368909551,49.651822099057995,0.6908733143746982,2.0003887573141745,24,64.65531736364177,-38.135942532289896,,,,,,
Changping,LightGBM global+local,24,24,147,54.39921595129426,78.29042610580932,1.2134613904655105,-5.153775454523706,28,111.67509400393111,-105.02035112116589,,,,,,
Changping,LightGBM global+local,72,1,147,10.496334870805187,18.31791890659463,0.23413751254287796,0.5189505751746064,23,19.224167322566224,-3.3304347331231923,,,,,,
Changping,LightGBM global+local,72,6,147,31.793059405530357,50.23355989637696,0.709194965382025,-0.22156720277635156,24,68.52066395976992,-44.2242958247686,,,,,,
Changping,LightGBM global+local,72,24,147,54.600718273581634,77.62569433194594,1.2179562215749105,-4.333788399077116,28,110.62741457490638,-103.41255432379458,,,,,,
Changping,LightGBM global+local,168,1,147,10.52293859116656,18.195530896136614,0.2347309510132075,0.4923921939932584,23,19.501544640297833,-3.0183592899052534,,,,,,
Changping,LightGBM global+local,168,6,147,31.845934515940307,50.3064408787604,0.7103744291643067,0.89088286281446,24,67.01129848802056,-40.840090181363635,,,,,,
Changping,LightGBM global+local,168,24,147,54.77442677302777,78.33871271103372,1.2218310670775054,-4.915803453325276,28,110.1504258014965,-104.07352648045925,,,,,,
Changping,LightGBM global+local,720,1,147,10.581659079732486,18.50285151525254,0.23604080529066299,0.11872468660910503,23,19.36078857238648,-5.776177494406703,,,,,,
Changping,LightGBM global+local,720,6,147,32.13009947707733,50.42663988812987,0.71671318245023,1.2113185441303111,24,68.00689905673075,-39.419753528882076,,,,,,
Changping,LightGBM global+local,720,24,147,55.92244656524859,79.74413999626171,1.2474394819965275,-4.244713734284507,28,111.2829327862354,-103.73022626946342,,,,,,
Changping,LightGBM global+local,2160,1,147,10.412287957627077,18.143800461933434,0.23226271191669323,0.06380867330126738,23,17.777614648131294,-4.65514392116723,,,,,,
Changping,LightGBM global+local,2160,6,147,31.651898941270257,49.926833499713986,0.7060461557853352,1.3479736906205912,24,67.35658626836694,-39.663893935600946,,,,,,
Changping,LightGBM global+local,2160,24,147,54.7431280493519,78.53010990872606,1.2211328990600567,-5.392278845462764,28,112.36987119793987,-104.27801598722765,,,,,,
Changping,Persistence,24,1,147,11.244897959183673,19.3607007800306,0.25083540772740043,-0.2925170068027211,23,20.608695652173914,-4.3478260869565215,,,,,,
Changping,Persistence,24,6,147,36.265306122448976,62.714828070113896,0.8089555708377323,4.9727891156462585,24,70.5,-4.75,,,,,,
Changping,Persistence,24,24,147,67.45578231292517,99.4443063630453,1.5047089552479747,2.5850340136054424,28,114.85714285714286,-52.357142857142854,,,,,,
Changping,Persistence,72,1,147,11.244897959183673,19.3607007800306,0.25083540772740043,-0.2925170068027211,23,20.608695652173914,-4.3478260869565215,,,,,,
Changping,Persistence,72,6,147,36.265306122448976,62.714828070113896,0.8089555708377323,4.9727891156462585,24,70.5,-4.75,,,,,,
Changping,Persistence,72,24,147,67.45578231292517,99.4443063630453,1.5047089552479747,2.5850340136054424,28,114.85714285714286,-52.357142857142854,,,,,,
Changping,Persistence,168,1,147,11.244897959183673,19.3607007800306,0.25083540772740043,-0.2925170068027211,23,20.608695652173914,-4.3478260869565215,,,,,,
Changping,Persistence,168,6,147,36.265306122448976,62.714828070113896,0.8089555708377323,4.9727891156462585,24,70.5,-4.75,,,,,,
Changping,Persistence,168,24,147,67.45578231292517,99.4443063630453,1.5047089552479747,2.5850340136054424,28,114.85714285714286,-52.357142857142854,,,,,,
Changping,Persistence,720,1,147,11.244897959183673,19.3607007800306,0.25083540772740043,-0.2925170068027211,23,20.608695652173914,-4.3478260869565215,,,,,,
Changping,Persistence,720,6,147,36.265306122448976,62.714828070113896,0.8089555708377323,4.9727891156462585,24,70.5,-4.75,,,,,,
Changping,Persistence,720,24,147,67.45578231292517,99.4443063630453,1.5047089552479747,2.5850340136054424,28,114.85714285714286,-52.357142857142854,,,,,,
Changping,Persistence,2160,1,147,11.244897959183673,19.3607007800306,0.25083540772740043,-0.2925170068027211,23,20.608695652173914,-4.3478260869565215,,,,,,
Changping,Persistence,2160,6,147,36.265306122448976,62.714828070113896,0.8089555708377323,4.9727891156462585,24,70.5,-4.75,,,,,,
Changping,Persistence,2160,24,147,67.45578231292517,99.4443063630453,1.5047089552479747,2.5850340136054424,28,114.85714285714286,-52.357142857142854,,,,,,
Changping,Seasonal day,24,1,147,72.0,109.67304532449302,1.6060749881347887,3.442176870748299,23,137.69565217391303,-82.73913043478261,,,,,,
Changping,Seasonal day,24,6,147,72.14965986394557,102.5797847770113,1.6094133904154921,1.08843537414966,24,114.375,-99.625,,,,,,
Changping,Seasonal day,24,24,147,67.45578231292517,99.4443063630453,1.5047089552479747,2.5850340136054424,28,114.85714285714286,-52.357142857142854,,,,,,
Changping,Seasonal day,72,1,147,72.0,109.67304532449302,1.6060749881347887,3.442176870748299,23,137.69565217391303,-82.73913043478261,,,,,,
Changping,Seasonal day,72,6,147,72.14965986394557,102.5797847770113,1.6094133904154921,1.08843537414966,24,114.375,-99.625,,,,,,
Changping,Seasonal day,72,24,147,67.45578231292517,99.4443063630453,1.5047089552479747,2.5850340136054424,28,114.85714285714286,-52.357142857142854,,,,,,
Changping,Seasonal day,168,1,147,72.0,109.67304532449302,1.6060749881347887,3.442176870748299,23,137.69565217391303,-82.73913043478261,,,,,,
Changping,Seasonal day,168,6,147,72.14965986394557,102.5797847770113,1.6094133904154921,1.08843537414966,24,114.375,-99.625,,,,,,
Changping,Seasonal day,168,24,147,67.45578231292517,99.4443063630453,1.5047089552479747,2.5850340136054424,28,114.85714285714286,-52.357142857142854,,,,,,
Changping,Seasonal day,720,1,147,72.0,109.67304532449302,1.6060749881347887,3.442176870748299,23,137.69565217391303,-82.73913043478261,,,,,,
Changping,Seasonal day,720,6,147,72.14965986394557,102.5797847770113,1.6094133904154921,1.08843537414966,24,114.375,-99.625,,,,,,
Changping,Seasonal day,720,24,147,67.45578231292517,99.4443063630453,1.5047089552479747,2.5850340136054424,28,114.85714285714286,-52.357142857142854,,,,,,
Changping,Seasonal day,2160,1,147,72.0,109.67304532449302,1.6060749881347887,3.442176870748299,23,137.69565217391303,-82.73913043478261,,,,,,
Changping,Seasonal day,2160,6,147,72.14965986394557,102.5797847770113,1.6094133904154921,1.08843537414966,24,114.375,-99.625,,,,,,
Changping,Seasonal day,2160,24,147,67.45578231292517,99.4443063630453,1.5047089552479747,2.5850340136054424,28,114.85714285714286,-52.357142857142854,,,,,,
Changping,Seasonal week,168,1,147,90.4625850340136,133.07928177629768,2.017912433127024,-12.748299319727892,23,191.52173913043478,-184.1304347826087,,,,,,
Changping,Seasonal week,168,6,147,81.06122448979592,118.2724860328088,1.8082000716755615,-11.482993197278912,24,166.70833333333334,-163.625,,,,,,
Changping,Seasonal week,168,24,147,92.04761904761905,126.45407329564843,2.053269148190838,-8.210884353741497,28,179.42857142857142,-166.21428571428572,,,,,,
Changping,Seasonal week,720,1,147,90.4625850340136,133.07928177629768,2.017912433127024,-12.748299319727892,23,191.52173913043478,-184.1304347826087,,,,,,
Changping,Seasonal week,720,6,147,81.06122448979592,118.2724860328088,1.8082000716755615,-11.482993197278912,24,166.70833333333334,-163.625,,,,,,
Changping,Seasonal week,720,24,147,92.04761904761905,126.45407329564843,2.053269148190838,-8.210884353741497,28,179.42857142857142,-166.21428571428572,,,,,,
Changping,Seasonal week,2160,1,147,90.4625850340136,133.07928177629768,2.017912433127024,-12.748299319727892,23,191.52173913043478,-184.1304347826087,,,,,,
Changping,Seasonal week,2160,6,147,81.06122448979592,118.2724860328088,1.8082000716755615,-11.482993197278912,24,166.70833333333334,-163.625,,,,,,
Changping,Seasonal week,2160,24,147,92.04761904761905,126.45407329564843,2.053269148190838,-8.210884353741497,28,179.42857142857142,-166.21428571428572,,,,,,
Dingling,Chronos-2,24,1,105,12.349085771469843,21.27644951441906,0.24234084724886093,-2.1484503337315153,13,23.280685424804688,-10.752665593073917,4.249104175037807,0.7523809523809524,39.667305126644315,7.878847210223857,0.7692307692307693,90.92406757061298
Dingling,Chronos-2,24,6,105,34.9062450726827,56.58697659606226,0.6850069034854108,-5.98232463200887,14,51.10258156912668,-40.856662205287385,13.01179633912586,0.6761904761904762,85.63874263309297,19.38171318599156,0.7857142857142857,138.6136041368757
Dingling,Chronos-2,24,24,105,65.01024162201654,89.0091913858389,1.2757735532885093,0.4258447147551037,16,110.71796607971191,-76.71633720397949,22.82077216367873,0.4380952380952381,122.04727770714533,35.153917555014296,0.3125,170.61384451389313
Dingling,Chronos-2,72,1,105,12.921224916548956,22.91756507351691,0.2535686164723157,-1.577105762844994,13,29.154553926908054,-11.66739713228666,4.294169055545141,0.7238095238095238,32.82695183526902,9.026478224534255,0.7692307692307693,69.05001478928786
Dingling,Chronos-2,72,6,105,30.095513598124185,54.19941253682977,0.5906001787281246,-4.692427126566569,14,48.73605946132115,-40.721977778843474,11.418316339462521,0.7714285714285715,75.12072525024413,18.54183504013788,0.7857142857142857,125.9658453805106
Dingling,Chronos-2,72,24,105,65.37842092514038,92.74095628883008,1.2829987751316247,8.375797367095947,16,105.5848845243454,-70.56141269207001,21.886594712847753,0.5428571428571428,136.50969229198637,36.12280480066935,0.375,165.79670011997223
Dingling,Chronos-2,168,1,105,12.604876967838832,22.737115827511378,0.24736054315137654,-0.4797622453598749,13,28.62916799692007,-9.034040010892427,4.165503771797059,0.7333333333333333,33.557101967221215,8.976707693246693,0.8461538461538461,86.7726557804988
Dingling,Chronos-2,168,6,105,30.537501466841924,52.156598479582115,0.5992738341355749,-8.764091341836112,14,62.6426031930106,-60.874628339494976,10.235070563119555,0.7714285714285715,81.74680861972627,23.69516358148484,0.7857142857142857,178.0592302594866
Dingling,Chronos-2,168,24,105,59.270336936769034,87.1015463429689,1.1631325537608963,-15.721876839229038,16,143.28340649604797,-143.28340649604797,18.40535318995279,0.5904761904761905,127.48349499475388,42.11106290022532,0.4375,176.53981733322144
Dingling,Chronos-2,720,1,105,11.754546701340448,21.708283195305064,0.230673497564516,0.34633013407389324,13,24.880928626427284,-3.9240311842698317,4.075306513952831,0.6857142857142857,32.053192229498,9.490139887883112,0.7692307692307693,83.04633507361778
Dingling,Chronos-2,720,6,105,29.323896680559432,54.844614240228985,0.5754578191223465,-7.031379082089379,14,59.292428152901785,-59.292428152901785,9.966520308842735,0.780952380952381,83.66559889657157,22.56023393358503,0.7142857142857143,176.47792407444544
Dingling,Chronos-2,720,24,105,46.3800042288644,71.39204159114573,0.9101701719649606,-13.140663655598958,16,107.82381916046143,-104.81605052947998,13.975992495824418,0.6857142857142857,125.52959631057013,31.675285720825197,0.6875,195.39597702026367
Dingling,Chronos-2,2160,1,105,11.479000454857236,20.861292416334678,0.225266124738322,-0.019428907121930804,13,23.538426325871395,-5.973029503455529,4.0271684398348375,0.6761904761904762,28.75691648210798,8.258805573292268,0.6923076923076923,66.7863018329327
Dingling,Chronos-2,2160,6,105,28.807721128917876,53.43263193358136,0.5653282902787651,-4.04930670601981,14,48.77723857334682,-48.38126427786691,10.148765341138082,0.7904761904761904,86.35253655569893,20.508518954685755,0.7857142857142857,179.752407346453
Dingling,Chronos-2,2160,24,105,50.91645943777902,72.28235188645658,0.9991944462456327,-12.19520499819801,16,120.59588170051575,-114.5189220905304,15.182835442679268,0.6857142857142857,145.3502598717099,34.293385513623555,0.5,212.77887725830078
Dingling,LightGBM calendar,0,1,105,68.68017718869393,87.77698474896383,1.347793078542116,11.025024063836467,13,157.96465748571944,-157.96465748571944,,,,,,
Dingling,LightGBM calendar,0,6,105,66.19893373733895,83.83493205087353,1.2991006772291982,10.749793102387283,14,151.3140697387805,-151.3140697387805,,,,,,
Dingling,LightGBM calendar,0,24,105,63.518851700341614,75.9821491282394,1.2465062290601752,15.308617874461254,16,112.75958503627977,-112.75958503627977,,,,,,
Dingling,LightGBM global,24,1,105,11.00850350047704,19.90291755764508,0.21603300152073712,-0.7228613567678114,13,21.732326954841213,-7.329457603209472,,,,,,
Dingling,LightGBM global,24,6,105,30.11611249065558,52.5677523878242,0.5910044153785803,0.29116644488933185,14,67.93251024608126,-55.82008697301827,,,,,,
Dingling,LightGBM global,24,24,105,51.20113982683191,65.7885372543542,1.0047810692519772,4.241154756050861,16,94.14186092212316,-94.14186092212316,,,,,,
Dingling,LightGBM global,72,1,105,11.00850350047704,19.90291755764508,0.21603300152073712,-0.7228613567678114,13,21.732326954841213,-7.329457603209472,,,,,,
Dingling,LightGBM global,72,6,105,30.11611249065558,52.5677523878242,0.5910044153785803,0.29116644488933185,14,67.93251024608126,-55.82008697301827,,,,,,
Dingling,LightGBM global,72,24,105,51.20113982683191,65.7885372543542,1.0047810692519772,4.241154756050861,16,94.14186092212316,-94.14186092212316,,,,,,
Dingling,LightGBM global,168,1,105,11.00850350047704,19.90291755764508,0.21603300152073712,-0.7228613567678114,13,21.732326954841213,-7.329457603209472,,,,,,
Dingling,LightGBM global,168,6,105,30.11611249065558,52.5677523878242,0.5910044153785803,0.29116644488933185,14,67.93251024608126,-55.82008697301827,,,,,,
Dingling,LightGBM global,168,24,105,51.20113982683191,65.7885372543542,1.0047810692519772,4.241154756050861,16,94.14186092212316,-94.14186092212316,,,,,,
Dingling,LightGBM global,720,1,105,11.00850350047704,19.90291755764508,0.21603300152073712,-0.7228613567678114,13,21.732326954841213,-7.329457603209472,,,,,,
Dingling,LightGBM global,720,6,105,30.11611249065558,52.5677523878242,0.5910044153785803,0.29116644488933185,14,67.93251024608126,-55.82008697301827,,,,,,
Dingling,LightGBM global,720,24,105,51.20113982683191,65.7885372543542,1.0047810692519772,4.241154756050861,16,94.14186092212316,-94.14186092212316,,,,,,
Dingling,LightGBM global,2160,1,105,11.00850350047704,19.90291755764508,0.21603300152073712,-0.7228613567678114,13,21.732326954841213,-7.329457603209472,,,,,,
Dingling,LightGBM global,2160,6,105,30.11611249065558,52.5677523878242,0.5910044153785803,0.29116644488933185,14,67.93251024608126,-55.82008697301827,,,,,,
Dingling,LightGBM global,2160,24,105,51.20113982683191,65.7885372543542,1.0047810692519772,4.241154756050861,16,94.14186092212316,-94.14186092212316,,,,,,
Dingling,LightGBM global+local,24,1,105,11.00850350047704,19.90291755764508,0.21603300152073712,-0.7228613567678114,13,21.732326954841213,-7.329457603209472,,,,,,
Dingling,LightGBM global+local,24,6,105,30.11611249065558,52.5677523878242,0.5910044153785803,0.29116644488933185,14,67.93251024608126,-55.82008697301827,,,,,,
Dingling,LightGBM global+local,24,24,105,51.20113982683191,65.7885372543542,1.0047810692519772,4.241154756050861,16,94.14186092212316,-94.14186092212316,,,,,,
Dingling,LightGBM global+local,72,1,105,11.325422500046312,20.694685228686314,0.2222522812541661,-0.7255969744994378,13,23.999387753698393,-7.816607421244492,,,,,,
Dingling,LightGBM global+local,72,6,105,29.82921630059687,51.80207434459398,0.5853743090648055,-3.469605261545599,14,69.1724953461372,-62.93457979068379,,,,,,
Dingling,LightGBM global+local,72,24,105,50.85217944116258,65.69911804663292,0.9979330031615485,3.866145040976826,16,94.29859146521284,-94.29859146521284,,,,,,
Dingling,LightGBM global+local,168,1,105,11.185400549467458,20.768186835967,0.21950446341852414,-0.8871383922042393,13,23.17930474903672,-7.873068333587862,,,,,,
Dingling,LightGBM global+local,168,6,105,29.67535393891653,52.07779375830369,0.5823548843252456,-2.3833982976746073,14,67.78695935731265,-61.21552566493649,,,,,,
Dingling,LightGBM global+local,168,24,105,51.72844654015442,65.79736716462308,1.0151290381649323,3.2490897614235585,16,95.03059831271612,-95.03059831271612,,,,,,
Dingling,LightGBM global+local,720,1,105,11.547064446879515,21.05355255385654,0.22660182568000034,-1.4703581979366755,13,24.584627855994476,-9.893491256842246,,,,,,
Dingling,LightGBM global+local,720,6,105,29.8637696322382,52.03995442755511,0.5860523903268675,-2.093058242323513,14,68.78341311863485,-60.685402295308776,,,,,,
Dingling,LightGBM global+local,720,24,105,52.207674998445725,65.95687637723965,1.0245335101037694,3.715051852752401,16,95.12928765152134,-95.12928765152134,,,,,,
Dingling,LightGBM global+local,2160,1,105,10.69899369308895,19.77629357777079,0.20995912120746316,-0.4043906755610235,13,18.760286802292054,-5.373556196712977,,,,,,
Dingling,LightGBM global+local,2160,6,105,29.113714165527846,51.928718055406705,0.5713331568022151,-2.4546482632526248,14,66.71696875814662,-61.317315605761564,,,,,,
Dingling,LightGBM global+local,2160,24,105,50.763623842711084,65.07602978742631,0.996195170972631,3.0951183151086634,16,97.75535016393897,-97.75535016393897,,,,,,
Dingling,Persistence,24,1,105,11.028571428571428,20.040435315108493,0.21642681842240274,-1.0857142857142856,13,20.46153846153846,-6.3076923076923075,,,,,,
Dingling,Persistence,24,6,105,31.37142857142857,57.32646691994728,0.6156389809010316,-2.4761904761904763,14,50.0,-30.857142857142858,,,,,,
Dingling,Persistence,24,24,105,64.23809523809524,92.15819732033246,1.2606208033325617,1.9523809523809523,16,100.4375,-80.4375,,,,,,
Dingling,Persistence,72,1,105,11.028571428571428,20.040435315108493,0.21642681842240274,-1.0857142857142856,13,20.46153846153846,-6.3076923076923075,,,,,,
Dingling,Persistence,72,6,105,31.37142857142857,57.32646691994728,0.6156389809010316,-2.4761904761904763,14,50.0,-30.857142857142858,,,,,,
Dingling,Persistence,72,24,105,64.23809523809524,92.15819732033246,1.2606208033325617,1.9523809523809523,16,100.4375,-80.4375,,,,,,
Dingling,Persistence,168,1,105,11.028571428571428,20.040435315108493,0.21642681842240274,-1.0857142857142856,13,20.46153846153846,-6.3076923076923075,,,,,,
Dingling,Persistence,168,6,105,31.37142857142857,57.32646691994728,0.6156389809010316,-2.4761904761904763,14,50.0,-30.857142857142858,,,,,,
Dingling,Persistence,168,24,105,64.23809523809524,92.15819732033246,1.2606208033325617,1.9523809523809523,16,100.4375,-80.4375,,,,,,
Dingling,Persistence,720,1,105,11.028571428571428,20.040435315108493,0.21642681842240274,-1.0857142857142856,13,20.46153846153846,-6.3076923076923075,,,,,,
Dingling,Persistence,720,6,105,31.37142857142857,57.32646691994728,0.6156389809010316,-2.4761904761904763,14,50.0,-30.857142857142858,,,,,,
Dingling,Persistence,720,24,105,64.23809523809524,92.15819732033246,1.2606208033325617,1.9523809523809523,16,100.4375,-80.4375,,,,,,
Dingling,Persistence,2160,1,105,11.028571428571428,20.040435315108493,0.21642681842240274,-1.0857142857142856,13,20.46153846153846,-6.3076923076923075,,,,,,
Dingling,Persistence,2160,6,105,31.37142857142857,57.32646691994728,0.6156389809010316,-2.4761904761904763,14,50.0,-30.857142857142858,,,,,,
Dingling,Persistence,2160,24,105,64.23809523809524,92.15819732033246,1.2606208033325617,1.9523809523809523,16,100.4375,-80.4375,,,,,,
Dingling,Seasonal day,24,1,105,65.70476190476191,95.39187346839103,1.289402953623624,0.14285714285714285,13,120.46153846153847,-99.38461538461539,,,,,,
Dingling,Seasonal day,24,6,105,70.53333333333333,100.20730892457277,1.3841597730883548,-0.5714285714285714,14,115.35714285714286,-112.35714285714286,,,,,,
Dingling,Seasonal day,24,24,105,64.23809523809524,92.15819732033246,1.2606208033325617,1.9523809523809523,16,100.4375,-80.4375,,,,,,
Dingling,Seasonal day,72,1,105,65.70476190476191,95.39187346839103,1.289402953623624,0.14285714285714285,13,120.46153846153847,-99.38461538461539,,,,,,
Dingling,Seasonal day,72,6,105,70.53333333333333,100.20730892457277,1.3841597730883548,-0.5714285714285714,14,115.35714285714286,-112.35714285714286,,,,,,
Dingling,Seasonal day,72,24,105,64.23809523809524,92.15819732033246,1.2606208033325617,1.9523809523809523,16,100.4375,-80.4375,,,,,,
Dingling,Seasonal day,168,1,105,65.70476190476191,95.39187346839103,1.289402953623624,0.14285714285714285,13,120.46153846153847,-99.38461538461539,,,,,,
Dingling,Seasonal day,168,6,105,70.53333333333333,100.20730892457277,1.3841597730883548,-0.5714285714285714,14,115.35714285714286,-112.35714285714286,,,,,,
Dingling,Seasonal day,168,24,105,64.23809523809524,92.15819732033246,1.2606208033325617,1.9523809523809523,16,100.4375,-80.4375,,,,,,
Dingling,Seasonal day,720,1,105,65.70476190476191,95.39187346839103,1.289402953623624,0.14285714285714285,13,120.46153846153847,-99.38461538461539,,,,,,
Dingling,Seasonal day,720,6,105,70.53333333333333,100.20730892457277,1.3841597730883548,-0.5714285714285714,14,115.35714285714286,-112.35714285714286,,,,,,
Dingling,Seasonal day,720,24,105,64.23809523809524,92.15819732033246,1.2606208033325617,1.9523809523809523,16,100.4375,-80.4375,,,,,,
Dingling,Seasonal day,2160,1,105,65.70476190476191,95.39187346839103,1.289402953623624,0.14285714285714285,13,120.46153846153847,-99.38461538461539,,,,,,
Dingling,Seasonal day,2160,6,105,70.53333333333333,100.20730892457277,1.3841597730883548,-0.5714285714285714,14,115.35714285714286,-112.35714285714286,,,,,,
Dingling,Seasonal day,2160,24,105,64.23809523809524,92.15819732033246,1.2606208033325617,1.9523809523809523,16,100.4375,-80.4375,,,,,,
Dingling,Seasonal week,168,1,105,79.08571428571429,116.8464193473027,1.5519933507596135,-5.580952380952381,13,159.15384615384616,-152.3846153846154,,,,,,
Dingling,Seasonal week,168,6,105,72.29523809523809,105.52151665035181,1.418735732853592,-14.904761904761905,14,163.0,-154.57142857142858,,,,,,
Dingling,Seasonal week,168,24,105,71.07619047619048,97.61025512087295,1.3948129066376442,-6.942857142857143,16,151.3125,-143.1875,,,,,,
Dingling,Seasonal week,720,1,105,79.08571428571429,116.8464193473027,1.5519933507596135,-5.580952380952381,13,159.15384615384616,-152.3846153846154,,,,,,
Dingling,Seasonal week,720,6,105,72.29523809523809,105.52151665035181,1.418735732853592,-14.904761904761905,14,163.0,-154.57142857142858,,,,,,
Dingling,Seasonal week,720,24,105,71.07619047619048,97.61025512087295,1.3948129066376442,-6.942857142857143,16,151.3125,-143.1875,,,,,,
Dingling,Seasonal week,2160,1,105,79.08571428571429,116.8464193473027,1.5519933507596135,-5.580952380952381,13,159.15384615384616,-152.3846153846154,,,,,,
Dingling,Seasonal week,2160,6,105,72.29523809523809,105.52151665035181,1.418735732853592,-14.904761904761905,14,163.0,-154.57142857142858,,,,,,
Dingling,Seasonal week,2160,24,105,71.07619047619048,97.61025512087295,1.3948129066376442,-6.942857142857143,16,151.3125,-143.1875,,,,,,
Dongsi,Chronos-2,24,1,122,13.330282574794332,22.215639257013784,0.2244619544219179,3.0590982945238956,31,20.450179069272934,4.1208038330078125,4.638287320553931,0.8278688524590164,52.37130148684392,6.974086589197958,0.9032258064516129,90.25374972435736
Dongsi,Chronos-2,24,6,122,57.39253338438566,84.93703214366303,0.966404135876552,2.209684790157881,33,81.42236143169981,-26.987821636777937,19.60137264611291,0.5819672131147541,125.9596022895125,25.023159662882478,0.7272727272727273,210.09718634865501
Dongsi,Chronos-2,24,24,122,93.06926260619868,132.3676304342572,1.5671467175568397,14.104291876808542,30,143.20399805704753,-43.88352686564128,32.211606489048634,0.5163934426229508,195.17826614418968,49.10002429538303,0.5,325.5210637410482
Dongsi,Chronos-2,72,1,122,12.332797230267134,21.330378876770887,0.2076657981001342,3.220436526126549,31,21.2367189468876,3.5243116809475805,4.246175324200281,0.7950819672131147,44.46359977956678,6.8343811609411755,0.9032258064516129,80.13499278406942
Dongsi,Chronos-2,72,6,122,52.984205984678425,79.74376604845219,0.8921745178382229,-0.29697670311224267,33,78.50810819683653,-31.46736815481475,17.503721858243473,0.5983606557377049,122.58254239598259,24.853833736072886,0.6363636363636364,206.56039925777552
Dongsi,Chronos-2,72,24,122,91.13146752998477,125.58646392195013,1.5345171564327122,2.64527473293367,30,143.68886502583823,-88.26880480448405,29.219518543332,0.5573770491803278,211.07675920939838,44.79934340159098,0.5333333333333333,313.4885348002116
Dongsi,Chronos-2,168,1,122,13.201527251571905,21.776267567301307,0.22229390799600202,3.6459856658685403,31,21.21787385017641,2.9196255591607865,4.414960088104498,0.7950819672131147,42.96600531750038,7.071155260967953,0.8709677419354839,79.7160413188319
Dongsi,Chronos-2,168,6,122,50.871164298448406,78.25294381859823,0.8565940667858947,-11.140845353486108,33,84.01542906327681,-68.08638335719253,15.810156129878727,0.639344262295082,126.38208059404717,25.69271645979448,0.6363636363636364,230.19614294803503
Dongsi,Chronos-2,168,24,122,75.34124065618046,104.60757693979512,1.2686334315399344,-21.715374125808967,30,138.95699284871418,-119.33780136108399,23.366324796051277,0.6721311475409836,185.5959737496298,42.47375032212999,0.6666666666666666,272.1454663594564
Dongsi,Chronos-2,720,1,122,12.83676863498375,22.53969433987579,0.21615192026901828,3.3878374256071497,31,19.921378843245968,2.7573763939642135,4.561209091332441,0.7540983606557377,41.358477998952395,7.265273522817962,0.8064516129032258,72.16558542559224
Dongsi,Chronos-2,720,6,122,43.395774997648644,69.40658227721389,0.7307197289309001,-8.545417129016313,33,73.62549776019472,-51.95749571829131,13.997571889950276,0.7295081967213115,120.92069944788199,24.12149820424089,0.7272727272727273,208.40582125114673
Dongsi,Chronos-2,720,24,122,72.02309189468134,102.69015592159397,1.2127607857884433,-7.782625729920434,30,131.22262852986654,-104.50490290323893,22.024563397996413,0.639344262295082,193.6628791777814,37.89600764592488,0.6666666666666666,274.1132120132446
Dongsi,Chronos-2,2160,1,122,12.200957657860927,21.61005373780343,0.20544581754635335,3.380805187538022,31,17.8248778312437,2.1780183853641635,4.3992102680310525,0.7622950819672131,40.27153624862921,6.6085695656397,0.8387096774193549,66.71346602901336
Dongsi,Chronos-2,2160,6,122,47.05611966867916,74.26552045168697,0.7923544402813485,-6.53188708571137,33,76.77833996397077,-52.766121835419625,15.340978810044586,0.680327868852459,122.47696532577764,24.93813708526919,0.6666666666666666,202.30410119258997
Dongsi,Chronos-2,2160,24,122,75.81923093952116,103.92435787785146,1.2766820706135136,-8.697303771972656,30,135.0196231842041,-114.2150831858317,22.868957053637892,0.6147540983606558,199.56830768897885,39.460868759155275,0.6,268.540149307251
Dongsi,LightGBM calendar,0,1,122,82.97751447491856,116.684807909133,1.3972168232450668,-26.398062722391842,31,178.38039812797143,-178.38039812797143,,,,,,
Dongsi,LightGBM calendar,0,6,122,89.34092355226693,124.91161639984315,1.5043670828343554,-28.45794904222372,33,189.35060094344794,-189.35060094344794,,,,,,
Dongsi,LightGBM calendar,0,24,122,77.2058746198197,105.4681940685377,1.3000310693177979,-19.497037074943215,30,161.92232891741634,-161.92232891741634,,,,,,
Dongsi,LightGBM global,24,1,122,13.293504424496781,25.226420817744295,0.2238426655621738,1.5130074896239198,31,24.33282732936355,-2.1103202261041454,,,,,,
Dongsi,LightGBM global,24,6,122,44.472993131250895,69.182165617117,0.7488584657694043,-7.346246916194893,33,72.12708164686285,-58.402901982585824,,,,,,
Dongsi,LightGBM global,24,24,122,70.88063455515706,96.9469138958998,1.1935235186236666,-6.064215613947962,30,120.77223885555023,-117.74429586995446,,,,,,
Dongsi,LightGBM global,72,1,122,13.293504424496781,25.226420817744295,0.2238426655621738,1.5130074896239198,31,24.33282732936355,-2.1103202261041454,,,,,,
Dongsi,LightGBM global,72,6,122,44.472993131250895,69.182165617117,0.7488584657694043,-7.346246916194893,33,72.12708164686285,-58.402901982585824,,,,,,
Dongsi,LightGBM global,72,24,122,70.88063455515706,96.9469138958998,1.1935235186236666,-6.064215613947962,30,120.77223885555023,-117.74429586995446,,,,,,
Dongsi,LightGBM global,168,1,122,13.293504424496781,25.226420817744295,0.2238426655621738,1.5130074896239198,31,24.33282732936355,-2.1103202261041454,,,,,,
Dongsi,LightGBM global,168,6,122,44.472993131250895,69.182165617117,0.7488584657694043,-7.346246916194893,33,72.12708164686285,-58.402901982585824,,,,,,
Dongsi,LightGBM global,168,24,122,70.88063455515706,96.9469138958998,1.1935235186236666,-6.064215613947962,30,120.77223885555023,-117.74429586995446,,,,,,
Dongsi,LightGBM global,720,1,122,13.293504424496781,25.226420817744295,0.2238426655621738,1.5130074896239198,31,24.33282732936355,-2.1103202261041454,,,,,,
Dongsi,LightGBM global,720,6,122,44.472993131250895,69.182165617117,0.7488584657694043,-7.346246916194893,33,72.12708164686285,-58.402901982585824,,,,,,
Dongsi,LightGBM global,720,24,122,70.88063455515706,96.9469138958998,1.1935235186236666,-6.064215613947962,30,120.77223885555023,-117.74429586995446,,,,,,
Dongsi,LightGBM global,2160,1,122,13.293504424496781,25.226420817744295,0.2238426655621738,1.5130074896239198,31,24.33282732936355,-2.1103202261041454,,,,,,
Dongsi,LightGBM global,2160,6,122,44.472993131250895,69.182165617117,0.7488584657694043,-7.346246916194893,33,72.12708164686285,-58.402901982585824,,,,,,
Dongsi,LightGBM global,2160,24,122,70.88063455515706,96.9469138958998,1.1935235186236666,-6.064215613947962,30,120.77223885555023,-117.74429586995446,,,,,,
Dongsi,LightGBM global+local,24,1,122,13.293504424496781,25.226420817744295,0.2238426655621738,1.5130074896239198,31,24.33282732936355,-2.1103202261041454,,,,,,
Dongsi,LightGBM global+local,24,6,122,44.472993131250895,69.182165617117,0.7488584657694043,-7.346246916194893,33,72.12708164686285,-58.402901982585824,,,,,,
Dongsi,LightGBM global+local,24,24,122,70.88063455515706,96.9469138958998,1.1935235186236666,-6.064215613947962,30,120.77223885555023,-117.74429586995446,,,,,,
Dongsi,LightGBM global+local,72,1,122,13.501896243651366,25.433302587081666,0.22735167107278642,1.3446251263039606,31,24.518251990988915,-3.5490045822593617,,,,,,
Dongsi,LightGBM global+local,72,6,122,43.997549390245716,69.14389683556985,0.7408527066472774,-9.916127685232398,33,75.98192857797976,-62.36699518098367,,,,,,
Dongsi,LightGBM global+local,72,24,122,70.0875698392891,95.42074744810367,1.1801694989239353,-6.7100626142265805,30,118.88350784846791,-116.72856187840381,,,,,,
Dongsi,LightGBM global+local,168,1,122,13.570764559882697,25.028468500600063,0.22851131017062976,1.4014865731376869,31,25.500637112009045,-2.797987742522844,,,,,,
Dongsi,LightGBM global+local,168,6,122,44.3628160225725,68.76393785171497,0.7470032485969439,-10.011006290787929,33,76.52440645523826,-63.09227496120103,,,,,,
Dongsi,LightGBM global+local,168,24,122,71.69974314275382,97.78256889934167,1.2073160780404786,-6.699980810955905,30,121.30080043149037,-117.08070452705773,,,,,,
Dongsi,LightGBM global+local,720,1,122,13.335712864144597,25.61066968325588,0.22455339234559266,1.8433457850773263,31,23.37390433206942,-1.3951162268779584,,,,,,
Dongsi,LightGBM global+local,720,6,122,44.13432593290462,69.3751157084774,0.7431558183714307,-9.114028002252299,33,74.63512918138804,-61.18914188441353,,,,,,
Dongsi,LightGBM global+local,720,24,122,69.76990711532778,96.04298097476642,1.174820535354163,-6.484336436592636,30,116.28870656488257,-114.88592841094473,,,,,,
Dongsi,LightGBM global+local,2160,1,122,13.68759479904347,25.389669936855412,0.23047855607636866,1.968800985970381,31,24.490766126604242,-1.1179462134201483,,,,,,
Dongsi,LightGBM global+local,2160,6,122,44.26226037913236,68.98790382958268,0.7453100424606081,-8.926139268629168,33,76.39130447052153,-62.58733662186016,,,,,,
Dongsi,LightGBM global+local,2160,24,122,69.80568127242293,95.46454806490686,1.1754229184750253,-7.4985079995757635,30,119.36702820840229,-118.41548475238667,,,,,,
Dongsi,Persistence,24,1,122,12.680327868852459,22.20231120741306,0.2135176925307789,0.9426229508196722,31,19.322580645161292,-3.3225806451612905,,,,,,
Dongsi,Persistence,24,6,122,49.0655737704918,73.49551118221049,0.8261906318611782,-2.262295081967213,33,72.81818181818181,-29.424242424242426,,,,,,
Dongsi,Persistence,24,24,122,86.65573770491804,120.57104565019053,1.459152582699027,7.409836065573771,30,120.5,-64.76666666666667,,,,,,
Dongsi,Persistence,72,1,122,12.680327868852459,22.20231120741306,0.2135176925307789,0.9426229508196722,31,19.322580645161292,-3.3225806451612905,,,,,,
Dongsi,Persistence,72,6,122,49.0655737704918,73.49551118221049,0.8261906318611782,-2.262295081967213,33,72.81818181818181,-29.424242424242426,,,,,,
Dongsi,Persistence,72,24,122,86.65573770491804,120.57104565019053,1.459152582699027,7.409836065573771,30,120.5,-64.76666666666667,,,,,,
Dongsi,Persistence,168,1,122,12.680327868852459,22.20231120741306,0.2135176925307789,0.9426229508196722,31,19.322580645161292,-3.3225806451612905,,,,,,
Dongsi,Persistence,168,6,122,49.0655737704918,73.49551118221049,0.8261906318611782,-2.262295081967213,33,72.81818181818181,-29.424242424242426,,,,,,
Dongsi,Persistence,168,24,122,86.65573770491804,120.57104565019053,1.459152582699027,7.409836065573771,30,120.5,-64.76666666666667,,,,,,
Dongsi,Persistence,720,1,122,12.680327868852459,22.20231120741306,0.2135176925307789,0.9426229508196722,31,19.322580645161292,-3.3225806451612905,,,,,,
Dongsi,Persistence,720,6,122,49.0655737704918,73.49551118221049,0.8261906318611782,-2.262295081967213,33,72.81818181818181,-29.424242424242426,,,,,,
Dongsi,Persistence,720,24,122,86.65573770491804,120.57104565019053,1.459152582699027,7.409836065573771,30,120.5,-64.76666666666667,,,,,,
Dongsi,Persistence,2160,1,122,12.680327868852459,22.20231120741306,0.2135176925307789,0.9426229508196722,31,19.322580645161292,-3.3225806451612905,,,,,,
Dongsi,Persistence,2160,6,122,49.0655737704918,73.49551118221049,0.8261906318611782,-2.262295081967213,33,72.81818181818181,-29.424242424242426,,,,,,
Dongsi,Persistence,2160,24,122,86.65573770491804,120.57104565019053,1.459152582699027,7.409836065573771,30,120.5,-64.76666666666667,,,,,,
Dongsi,Seasonal day,24,1,122,89.9672131147541,127.60826326088376,1.514912859222902,8.885245901639344,31,123.29032258064517,-70.90322580645162,,,,,,
Dongsi,Seasonal day,24,6,122,92.55737704918033,140.03114407686388,1.5585273329395963,4.868852459016393,33,123.42424242424242,-84.87878787878788,,,,,,
Dongsi,Seasonal day,24,24,122,86.65573770491804,120.57104565019053,1.459152582699027,7.409836065573771,30,120.5,-64.76666666666667,,,,,,
Dongsi,Seasonal day,72,1,122,89.9672131147541,127.60826326088376,1.514912859222902,8.885245901639344,31,123.29032258064517,-70.90322580645162,,,,,,
Dongsi,Seasonal day,72,6,122,92.55737704918033,140.03114407686388,1.5585273329395963,4.868852459016393,33,123.42424242424242,-84.87878787878788,,,,,,
Dongsi,Seasonal day,72,24,122,86.65573770491804,120.57104565019053,1.459152582699027,7.409836065573771,30,120.5,-64.76666666666667,,,,,,
Dongsi,Seasonal day,168,1,122,89.9672131147541,127.60826326088376,1.514912859222902,8.885245901639344,31,123.29032258064517,-70.90322580645162,,,,,,
Dongsi,Seasonal day,168,6,122,92.55737704918033,140.03114407686388,1.5585273329395963,4.868852459016393,33,123.42424242424242,-84.87878787878788,,,,,,
Dongsi,Seasonal day,168,24,122,86.65573770491804,120.57104565019053,1.459152582699027,7.409836065573771,30,120.5,-64.76666666666667,,,,,,
Dongsi,Seasonal day,720,1,122,89.9672131147541,127.60826326088376,1.514912859222902,8.885245901639344,31,123.29032258064517,-70.90322580645162,,,,,,
Dongsi,Seasonal day,720,6,122,92.55737704918033,140.03114407686388,1.5585273329395963,4.868852459016393,33,123.42424242424242,-84.87878787878788,,,,,,
Dongsi,Seasonal day,720,24,122,86.65573770491804,120.57104565019053,1.459152582699027,7.409836065573771,30,120.5,-64.76666666666667,,,,,,
Dongsi,Seasonal day,2160,1,122,89.9672131147541,127.60826326088376,1.514912859222902,8.885245901639344,31,123.29032258064517,-70.90322580645162,,,,,,
Dongsi,Seasonal day,2160,6,122,92.55737704918033,140.03114407686388,1.5585273329395963,4.868852459016393,33,123.42424242424242,-84.87878787878788,,,,,,
Dongsi,Seasonal day,2160,24,122,86.65573770491804,120.57104565019053,1.459152582699027,7.409836065573771,30,120.5,-64.76666666666667,,,,,,
Dongsi,Seasonal week,168,1,122,121.3688524590164,163.43262009609774,2.0436693427945984,2.6311475409836067,31,189.96774193548387,-157.19354838709677,,,,,,
Dongsi,Seasonal week,168,6,122,113.77868852459017,160.24287406472897,1.9158623723463102,0.09016393442622951,33,178.06060606060606,-147.3939393939394,,,,,,
Dongsi,Seasonal week,168,24,122,119.14754098360656,164.0608143941512,2.006265790967939,13.60655737704918,30,178.4,-145.53333333333333,,,,,,
Dongsi,Seasonal week,720,1,122,121.3688524590164,163.43262009609774,2.0436693427945984,2.6311475409836067,31,189.96774193548387,-157.19354838709677,,,,,,
Dongsi,Seasonal week,720,6,122,113.77868852459017,160.24287406472897,1.9158623723463102,0.09016393442622951,33,178.06060606060606,-147.3939393939394,,,,,,
Dongsi,Seasonal week,720,24,122,119.14754098360656,164.0608143941512,2.006265790967939,13.60655737704918,30,178.4,-145.53333333333333,,,,,,
Dongsi,Seasonal week,2160,1,122,121.3688524590164,163.43262009609774,2.0436693427945984,2.6311475409836067,31,189.96774193548387,-157.19354838709677,,,,,,
Dongsi,Seasonal week,2160,6,122,113.77868852459017,160.24287406472897,1.9158623723463102,0.09016393442622951,33,178.06060606060606,-147.3939393939394,,,,,,
Dongsi,Seasonal week,2160,24,122,119.14754098360656,164.0608143941512,2.006265790967939,13.60655737704918,30,178.4,-145.53333333333333,,,,,,
Guanyuan,Chronos-2,24,1,131,11.869226550327912,18.940138224847427,0.21667710559233552,2.0577372703843446,29,17.167681463833514,6.021678003771552,4.081650382143851,0.8091603053435115,45.24696958156032,6.599411343980109,0.896551724137931,83.89264284331223
Guanyuan,Chronos-2,24,6,131,48.282374698697154,76.04469319839257,0.8814125466793189,9.105550645871928,27,60.01476316098814,-16.540265683774596,17.20946321396427,0.6106870229007634,111.21184521413032,22.66013917805236,0.8148148148148148,203.8504981994629
Guanyuan,Chronos-2,24,24,131,79.59281672412203,118.97014984565763,1.4529962066692157,10.561252171756657,30,110.00044072469076,-29.9788454691569,27.368758445599,0.48854961832061067,187.57170943267474,40.10378680335151,0.5666666666666667,380.5483969370524
Guanyuan,Chronos-2,72,1,131,10.695465371808933,16.933287511966224,0.19524966263809224,2.6114200781319887,29,17.007098493904902,4.7102813720703125,3.6856961789021963,0.7786259541984732,39.45121671953274,5.952944385046246,0.8620689655172413,73.79676924080684
Guanyuan,Chronos-2,72,6,131,43.514598555237285,70.81566918018761,0.794375035810632,3.3224625915061425,27,66.7948120964898,-23.847595073558665,14.974656987978907,0.6259541984732825,105.05479170893895,23.300873546835817,0.5555555555555556,193.21184836493597
Guanyuan,Chronos-2,72,24,131,77.82350936190772,109.02766379368383,1.4206968486173455,3.5407115703320686,30,119.02351875305176,-73.6088072458903,25.33049027998635,0.5954198473282443,182.0480568791164,39.747269812689886,0.6,264.2299922943115
Guanyuan,Chronos-2,168,1,131,10.846431091541552,16.86142950816048,0.1980055974967477,3.5863167857395783,29,17.179313922750538,7.272849247373384,3.773286776263598,0.7786259541984732,41.349975658737065,6.41175870347297,0.896551724137931,84.48104647932381
Guanyuan,Chronos-2,168,6,131,43.090408616393574,64.61055882350942,0.7866312921235167,-5.060206464228739,27,72.50023410938404,-57.6335009822139,13.318887739933782,0.6183206106870229,109.42449002593528,21.58944916430815,0.7777777777777778,226.60632804588036
Guanyuan,Chronos-2,168,24,131,61.404013684687726,86.7623656774484,1.1209529029153733,-28.033850575221404,30,131.00536562601727,-128.58161684672038,18.424563348202305,0.7175572519083969,154.0534822012632,38.33736308627659,0.7,238.2731886545817
Guanyuan,Chronos-2,720,1,131,10.524624540605618,16.758262114528037,0.19213090029370847,2.891109932469958,29,15.40564122693292,5.921263069942079,3.603766515600772,0.7786259541984732,38.68662576457017,6.008149157995464,0.8620689655172413,76.80514631600215
Guanyuan,Chronos-2,720,6,131,38.49652893124646,61.96279471847509,0.7027683251983797,-3.996967446713047,27,72.79042053222656,-47.90156103063513,12.233500187026939,0.6870229007633588,102.32235660989775,23.002965861190987,0.7037037037037037,200.27745861477322
Guanyuan,Chronos-2,720,24,131,52.43291081727006,78.59263103328226,0.9571821133832233,-11.755924181173777,30,93.74474843343098,-89.06948394775391,16.27847501012205,0.6717557251908397,155.5600536433795,28.203769751654733,0.6666666666666666,235.207231648763
Guanyuan,Chronos-2,2160,1,131,10.807825277779848,17.769573015973656,0.1973008341366877,2.8450755345002388,29,17.197981209590516,5.678425755994073,3.690456321949268,0.7480916030534351,37.044350412965734,6.184490686175467,0.8620689655172413,68.49990318561423
Guanyuan,Chronos-2,2160,6,131,40.04647406366945,64.20671488191623,0.7310631448899849,-0.5323932298267161,27,70.047932377568,-42.50965429235388,13.048692546000007,0.6412213740458015,105.10988062210666,22.576466190667798,0.6296296296296297,196.70176668520327
Guanyuan,Chronos-2,2160,24,131,57.10857707307539,80.12860884968366,1.0425381243016991,-10.849199790080995,30,103.35880940755209,-93.20330200195312,17.283081006639787,0.6793893129770993,165.57983858530758,29.976911756727432,0.6333333333333333,238.18195597330728
Guanyuan,LightGBM calendar,0,1,131,72.28179288105868,98.86077844197864,1.3195307716204798,-12.097475445707115,29,162.62799727530737,-162.62799727530737,,,,,,
Guanyuan,LightGBM calendar,0,6,131,76.32811442200364,104.0620963532312,1.3933978627970023,-8.519185569032027,27,175.0804878169707,-175.0804878169707,,,,,,
Guanyuan,LightGBM calendar,0,24,131,70.1011479518043,90.83712736274414,1.2797222946660665,-8.597203035147603,30,140.36127708412477,-140.36127708412477,,,,,,
Guanyuan,LightGBM global,24,1,131,11.464260076399087,21.371697845801403,0.2092842933428796,1.7387221831628512,29,23.242980411352445,3.1949937634852015,,,,,,
Guanyuan,LightGBM global,24,6,131,37.12028145418575,56.45930331755638,0.677644420229186,0.7120573183402792,27,67.4725851172199,-45.42564280374028,,,,,,
Guanyuan,LightGBM global,24,24,131,59.55237083715078,80.60330203217401,1.087150480230639,1.038890150439565,30,89.8822787245101,-89.36193309570194,,,,,,
Guanyuan,LightGBM global,72,1,131,11.464260076399087,21.371697845801403,0.2092842933428796,1.7387221831628512,29,23.242980411352445,3.1949937634852015,,,,,,
Guanyuan,LightGBM global,72,6,131,37.12028145418575,56.45930331755638,0.677644420229186,0.7120573183402792,27,67.4725851172199,-45.42564280374028,,,,,,
Guanyuan,LightGBM global,72,24,131,59.55237083715078,80.60330203217401,1.087150480230639,1.038890150439565,30,89.8822787245101,-89.36193309570194,,,,,,
Guanyuan,LightGBM global,168,1,131,11.464260076399087,21.371697845801403,0.2092842933428796,1.7387221831628512,29,23.242980411352445,3.1949937634852015,,,,,,
Guanyuan,LightGBM global,168,6,131,37.12028145418575,56.45930331755638,0.677644420229186,0.7120573183402792,27,67.4725851172199,-45.42564280374028,,,,,,
Guanyuan,LightGBM global,168,24,131,59.55237083715078,80.60330203217401,1.087150480230639,1.038890150439565,30,89.8822787245101,-89.36193309570194,,,,,,
Guanyuan,LightGBM global,720,1,131,11.464260076399087,21.371697845801403,0.2092842933428796,1.7387221831628512,29,23.242980411352445,3.1949937634852015,,,,,,
Guanyuan,LightGBM global,720,6,131,37.12028145418575,56.45930331755638,0.677644420229186,0.7120573183402792,27,67.4725851172199,-45.42564280374028,,,,,,
Guanyuan,LightGBM global,720,24,131,59.55237083715078,80.60330203217401,1.087150480230639,1.038890150439565,30,89.8822787245101,-89.36193309570194,,,,,,
Guanyuan,LightGBM global,2160,1,131,11.464260076399087,21.371697845801403,0.2092842933428796,1.7387221831628512,29,23.242980411352445,3.1949937634852015,,,,,,
Guanyuan,LightGBM global,2160,6,131,37.12028145418575,56.45930331755638,0.677644420229186,0.7120573183402792,27,67.4725851172199,-45.42564280374028,,,,,,
Guanyuan,LightGBM global,2160,24,131,59.55237083715078,80.60330203217401,1.087150480230639,1.038890150439565,30,89.8822787245101,-89.36193309570194,,,,,,
Guanyuan,LightGBM global+local,24,1,131,11.464260076399087,21.371697845801403,0.2092842933428796,1.7387221831628512,29,23.242980411352445,3.1949937634852015,,,,,,
Guanyuan,LightGBM global+local,24,6,131,37.12028145418575,56.45930331755638,0.677644420229186,0.7120573183402792,27,67.4725851172199,-45.42564280374028,,,,,,
Guanyuan,LightGBM global+local,24,24,131,59.55237083715078,80.60330203217401,1.087150480230639,1.038890150439565,30,89.8822787245101,-89.36193309570194,,,,,,
Guanyuan,LightGBM global+local,72,1,131,11.904080207727644,20.789935821747427,0.21731337195498845,1.717840203728962,29,23.899770537516368,2.4164416590459545,,,,,,
Guanyuan,LightGBM global+local,72,6,131,36.901816376157306,57.275883218948316,0.6736562597050364,-0.24903054306487615,27,68.00508216892673,-48.02914478084196,,,,,,
Guanyuan,LightGBM global+local,72,24,131,61.27795697000373,83.42420200819161,1.1186516911251703,0.6320748923876492,30,95.0210568843874,-95.0210568843874,,,,,,
Guanyuan,LightGBM global+local,168,1,131,11.523167830021393,19.771432612502608,0.21035967609825168,1.1311148112018332,29,22.27874656268837,0.8540668126051616,,,,,,
Guanyuan,LightGBM global+local,168,6,131,37.58853656985448,57.5602560844492,0.6861925899613665,-1.7306165380318765,27,72.30914595555872,-50.69599549904155,,,,,,
Guanyuan,LightGBM global+local,168,24,131,59.80682477140674,80.49366457629272,1.0917956305904697,-0.7838933917345102,30,92.39115908704902,-92.39115908704902,,,,,,
Guanyuan,LightGBM global+local,720,1,131,11.048079747342868,18.71094195197689,0.20168676803472238,1.4987176373934816,29,21.01905381744958,1.6947389077847528,,,,,,
Guanyuan,LightGBM global+local,720,6,131,37.10958980526397,57.1391474312749,0.67744924023725,-1.7567706615543437,27,71.85889321624757,-53.00971862655933,,,,,,
Guanyuan,LightGBM global+local,720,24,131,58.26250798167308,78.32319309904814,1.0636035583692265,0.38554283523868527,30,87.56284924920962,-86.52030466547265,,,,,,
Guanyuan,LightGBM global+local,2160,1,131,11.422618297783583,19.476401076269852,0.20852410732537743,2.268592825386687,29,22.998457505996722,5.603596637851968,,,,,,
Guanyuan,LightGBM global+local,2160,6,131,36.92137450800806,55.91286328705892,0.6740133006109661,-0.29007432682458295,27,67.1122034882722,-48.28714585239376,,,,,,
Guanyuan,LightGBM global+local,2160,24,131,59.779877261835196,79.81473209730134,1.0913036938705722,1.9115640717079665,30,86.99780298712973,-86.8733801591693,,,,,,
Guanyuan,Persistence,24,1,131,10.83969465648855,17.405798805601215,0.19788262139185103,0.44274809160305345,29,17.344827586206897,-0.7241379310344828,,,,,,
Guanyuan,Persistence,24,6,131,40.01526717557252,64.67936183457783,0.7304934516451289,1.4198473282442747,27,61.18518518518518,-21.11111111111111,,,,,,
Guanyuan,Persistence,24,24,131,72.89312977099236,102.71048022520196,1.330690951880835,4.419847328244275,30,86.2,-51.86666666666667,,,,,,
Guanyuan,Persistence,72,1,131,10.83969465648855,17.405798805601215,0.19788262139185103,0.44274809160305345,29,17.344827586206897,-0.7241379310344828,,,,,,
Guanyuan,Persistence,72,6,131,40.01526717557252,64.67936183457783,0.7304934516451289,1.4198473282442747,27,61.18518518518518,-21.11111111111111,,,,,,
Guanyuan,Persistence,72,24,131,72.89312977099236,102.71048022520196,1.330690951880835,4.419847328244275,30,86.2,-51.86666666666667,,,,,,
Guanyuan,Persistence,168,1,131,10.83969465648855,17.405798805601215,0.19788262139185103,0.44274809160305345,29,17.344827586206897,-0.7241379310344828,,,,,,
Guanyuan,Persistence,168,6,131,40.01526717557252,64.67936183457783,0.7304934516451289,1.4198473282442747,27,61.18518518518518,-21.11111111111111,,,,,,
Guanyuan,Persistence,168,24,131,72.89312977099236,102.71048022520196,1.330690951880835,4.419847328244275,30,86.2,-51.86666666666667,,,,,,
Guanyuan,Persistence,720,1,131,10.83969465648855,17.405798805601215,0.19788262139185103,0.44274809160305345,29,17.344827586206897,-0.7241379310344828,,,,,,
Guanyuan,Persistence,720,6,131,40.01526717557252,64.67936183457783,0.7304934516451289,1.4198473282442747,27,61.18518518518518,-21.11111111111111,,,,,,
Guanyuan,Persistence,720,24,131,72.89312977099236,102.71048022520196,1.330690951880835,4.419847328244275,30,86.2,-51.86666666666667,,,,,,
Guanyuan,Persistence,2160,1,131,10.83969465648855,17.405798805601215,0.19788262139185103,0.44274809160305345,29,17.344827586206897,-0.7241379310344828,,,,,,
Guanyuan,Persistence,2160,6,131,40.01526717557252,64.67936183457783,0.7304934516451289,1.4198473282442747,27,61.18518518518518,-21.11111111111111,,,,,,
Guanyuan,Persistence,2160,24,131,72.89312977099236,102.71048022520196,1.330690951880835,4.419847328244275,30,86.2,-51.86666666666667,,,,,,
Guanyuan,Seasonal day,24,1,131,74.89312977099236,104.02484289308634,1.3672016890672185,2.6946564885496183,29,105.93103448275862,-76.20689655172414,,,,,,
Guanyuan,Seasonal day,24,6,131,82.26717557251908,127.05204199085429,1.501817613197168,5.809160305343512,27,123.96296296296296,-96.62962962962963,,,,,,
Guanyuan,Seasonal day,24,24,131,72.89312977099236,102.71048022520196,1.330690951880835,4.419847328244275,30,86.2,-51.86666666666667,,,,,,
Guanyuan,Seasonal day,72,1,131,74.89312977099236,104.02484289308634,1.3672016890672185,2.6946564885496183,29,105.93103448275862,-76.20689655172414,,,,,,
Guanyuan,Seasonal day,72,6,131,82.26717557251908,127.05204199085429,1.501817613197168,5.809160305343512,27,123.96296296296296,-96.62962962962963,,,,,,
Guanyuan,Seasonal day,72,24,131,72.89312977099236,102.71048022520196,1.330690951880835,4.419847328244275,30,86.2,-51.86666666666667,,,,,,
Guanyuan,Seasonal day,168,1,131,74.89312977099236,104.02484289308634,1.3672016890672185,2.6946564885496183,29,105.93103448275862,-76.20689655172414,,,,,,
Guanyuan,Seasonal day,168,6,131,82.26717557251908,127.05204199085429,1.501817613197168,5.809160305343512,27,123.96296296296296,-96.62962962962963,,,,,,
Guanyuan,Seasonal day,168,24,131,72.89312977099236,102.71048022520196,1.330690951880835,4.419847328244275,30,86.2,-51.86666666666667,,,,,,
Guanyuan,Seasonal day,720,1,131,74.89312977099236,104.02484289308634,1.3672016890672185,2.6946564885496183,29,105.93103448275862,-76.20689655172414,,,,,,
Guanyuan,Seasonal day,720,6,131,82.26717557251908,127.05204199085429,1.501817613197168,5.809160305343512,27,123.96296296296296,-96.62962962962963,,,,,,
Guanyuan,Seasonal day,720,24,131,72.89312977099236,102.71048022520196,1.330690951880835,4.419847328244275,30,86.2,-51.86666666666667,,,,,,
Guanyuan,Seasonal day,2160,1,131,74.89312977099236,104.02484289308634,1.3672016890672185,2.6946564885496183,29,105.93103448275862,-76.20689655172414,,,,,,
Guanyuan,Seasonal day,2160,6,131,82.26717557251908,127.05204199085429,1.501817613197168,5.809160305343512,27,123.96296296296296,-96.62962962962963,,,,,,
Guanyuan,Seasonal day,2160,24,131,72.89312977099236,102.71048022520196,1.330690951880835,4.419847328244275,30,86.2,-51.86666666666667,,,,,,
Guanyuan,Seasonal week,168,1,131,98.3969465648855,138.32526111522586,1.7962725279865916,-3.572519083969466,29,174.58620689655172,-148.93103448275863,,,,,,
Guanyuan,Seasonal week,168,6,131,92.51908396946565,136.13363438993957,1.6889699797670665,-1.7251908396946565,27,176.74074074074073,-149.03703703703704,,,,,,
Guanyuan,Seasonal week,168,24,131,96.61832061068702,133.63345675151407,1.7638030556032804,3.33587786259542,30,152.9,-134.43333333333334,,,,,,
Guanyuan,Seasonal week,720,1,131,98.3969465648855,138.32526111522586,1.7962725279865916,-3.572519083969466,29,174.58620689655172,-148.93103448275863,,,,,,
Guanyuan,Seasonal week,720,6,131,92.51908396946565,136.13363438993957,1.6889699797670665,-1.7251908396946565,27,176.74074074074073,-149.03703703703704,,,,,,
Guanyuan,Seasonal week,720,24,131,96.61832061068702,133.63345675151407,1.7638030556032804,3.33587786259542,30,152.9,-134.43333333333334,,,,,,
Guanyuan,Seasonal week,2160,1,131,98.3969465648855,138.32526111522586,1.7962725279865916,-3.572519083969466,29,174.58620689655172,-148.93103448275863,,,,,,
Guanyuan,Seasonal week,2160,6,131,92.51908396946565,136.13363438993957,1.6889699797670665,-1.7251908396946565,27,176.74074074074073,-149.03703703703704,,,,,,
Guanyuan,Seasonal week,2160,24,131,96.61832061068702,133.63345675151407,1.7638030556032804,3.33587786259542,30,152.9,-134.43333333333334,,,,,,
Gucheng,Chronos-2,24,1,128,11.368080459535122,19.28971994430571,0.20901780821278954,-1.5745852068066597,28,21.977337428501674,-3.192995343889509,3.9638092460731666,0.78125,48.89076130092144,7.700045086088633,0.8571428571428571,110.7746832711356
Gucheng,Chronos-2,24,6,128,44.28057488054037,74.7446380790626,0.814159324511971,0.5995458140969276,24,65.77258364359538,-22.366708755493164,16.111808418668804,0.7421875,120.20083205960691,21.418868817223444,0.8333333333333334,272.2474578221639
Gucheng,Chronos-2,24,24,128,88.85765941441059,140.30740929034863,1.633770387166854,2.6498470455408096,29,174.96003973072973,-34.25901202497811,31.338226058830816,0.484375,195.40921185165644,61.554674804073635,0.41379310344827586,398.57812677580733
Gucheng,Chronos-2,72,1,128,11.139505438506603,20.311522338937127,0.20481514180154853,-0.624727226793766,28,22.92992183140346,-4.514216831752232,3.679131354639928,0.8046875,40.1155906021595,7.553375607445126,0.8928571428571429,84.71416473388672
Gucheng,Chronos-2,72,6,128,39.63877137005329,66.09307041720088,0.7288133772018729,-0.03956238925457001,24,61.389909426371254,-25.688573519388836,13.573795576269427,0.75,105.13017734512687,19.371325524648032,0.75,215.22955195109049
Gucheng,Chronos-2,72,24,128,74.66413658112288,107.04439809541121,1.3728029314919934,-5.282801650464535,29,137.31062402396367,-75.05865090468834,24.785386270036298,0.6015625,190.04071226716042,47.641402189759,0.5517241379310345,299.1949959458976
Gucheng,Chronos-2,168,1,128,10.783912308514118,17.449749326704612,0.1982770726076229,-0.62239059060812,28,22.4119382585798,-3.5467006138392856,3.4421898218492664,0.8828125,40.236138343811035,7.053197034200033,0.9642857142857143,91.49212401253837
Gucheng,Chronos-2,168,6,128,39.31232384592295,68.89656609119191,0.722811190092704,-6.80104049295187,24,65.19195747375488,-57.62991142272949,13.071452489991984,0.75,110.9158559218049,21.586058298746746,0.9166666666666666,246.33359591166177
Gucheng,Chronos-2,168,24,128,72.45804126560688,116.03439127397746,1.3322408322704935,-33.03698326647282,29,166.08535477210737,-148.20308948385303,24.61349075386922,0.65625,162.745382219553,62.227535502115884,0.4827586206896552,256.68564211089034
Gucheng,Chronos-2,720,1,128,11.185627818107605,18.603876953159816,0.20566316524122025,0.4681362509727478,28,24.15011923653739,-3.307560511997768,3.586294235785802,0.8203125,40.47987675666809,7.380653008960541,0.8928571428571429,92.03627967834473
Gucheng,Chronos-2,720,6,128,36.01288601756096,63.22664156066415,0.6621464837094779,-1.7323022782802582,24,66.25084082285564,-43.9441188176473,11.447407245635986,0.765625,109.3990758061409,19.740751886367796,0.875,236.2837897936503
Gucheng,Chronos-2,720,24,128,64.03292073309422,108.48710159791115,1.1773333935078392,-24.816446885466576,29,153.38168282344424,-135.82024357236665,20.613931823770205,0.703125,161.7898993641138,48.924775610298944,0.5517241379310345,262.6012852767418
Gucheng,Chronos-2,2160,1,128,10.228573322296143,16.351808101076045,0.18806640088273782,0.5712411999702454,28,19.770481654575892,-2.5239595685686385,3.3173829808831212,0.8125,36.720756873488426,6.086575053987049,0.8928571428571429,75.62835557120187
Gucheng,Chronos-2,2160,6,128,36.354889303445816,64.64780320722389,0.6684346849121061,0.6349344849586487,24,57.32905960083008,-35.279745737711586,12.081286252538362,0.7734375,109.83438122272491,18.154828839831882,0.9166666666666666,229.32457049687704
Gucheng,Chronos-2,2160,24,128,62.52198223769665,96.93139402856686,1.1495527093565903,-20.27903114259243,29,133.14440944277007,-126.58311120395003,20.085851392149923,0.71875,176.74837510287762,44.400238111649436,0.4827586206896552,271.6075511800832
Gucheng,LightGBM calendar,0,1,128,79.58117667057263,117.30726320487155,1.4632094821888761,-21.313012978943576,28,191.0878100568249,-191.0878100568249,,,,,,
Gucheng,LightGBM calendar,0,6,128,76.60222045933982,104.86605455554653,1.408437271502111,-12.882839800094924,24,182.5128141836951,-182.5128141836951,,,,,,
Gucheng,LightGBM calendar,0,24,128,78.36238005335915,113.86989341063048,1.440800228621934,-20.26641329077065,29,178.65179762538472,-178.65179762538472,,,,,,
Gucheng,LightGBM global,24,1,128,11.714918285114699,22.210037719138636,0.21539489908279008,-3.2477007948661694,28,28.531914688675155,-17.69432408505073,,,,,,
Gucheng,LightGBM global,24,6,128,37.51128667051862,60.89258119191402,0.6896966423682451,-3.940080637827121,24,71.98482761327737,-54.71566770937872,,,,,,
Gucheng,LightGBM global,24,24,128,72.2058451973565,106.8156104606618,1.3276038603900422,-18.302109656744385,29,154.9563134794843,-151.97546058803354,,,,,,
Gucheng,LightGBM global,72,1,128,11.714918285114699,22.210037719138636,0.21539489908279008,-3.2477007948661694,28,28.531914688675155,-17.69432408505073,,,,,,
Gucheng,LightGBM global,72,6,128,37.51128667051862,60.89258119191402,0.6896966423682451,-3.940080637827121,24,71.98482761327737,-54.71566770937872,,,,,,
Gucheng,LightGBM global,72,24,128,72.2058451973565,106.8156104606618,1.3276038603900422,-18.302109656744385,29,154.9563134794843,-151.97546058803354,,,,,,
Gucheng,LightGBM global,168,1,128,11.714918285114699,22.210037719138636,0.21539489908279008,-3.2477007948661694,28,28.531914688675155,-17.69432408505073,,,,,,
Gucheng,LightGBM global,168,6,128,37.51128667051862,60.89258119191402,0.6896966423682451,-3.940080637827121,24,71.98482761327737,-54.71566770937872,,,,,,
Gucheng,LightGBM global,168,24,128,72.2058451973565,106.8156104606618,1.3276038603900422,-18.302109656744385,29,154.9563134794843,-151.97546058803354,,,,,,
Gucheng,LightGBM global,720,1,128,11.714918285114699,22.210037719138636,0.21539489908279008,-3.2477007948661694,28,28.531914688675155,-17.69432408505073,,,,,,
Gucheng,LightGBM global,720,6,128,37.51128667051862,60.89258119191402,0.6896966423682451,-3.940080637827121,24,71.98482761327737,-54.71566770937872,,,,,,
Gucheng,LightGBM global,720,24,128,72.2058451973565,106.8156104606618,1.3276038603900422,-18.302109656744385,29,154.9563134794843,-151.97546058803354,,,,,,
Gucheng,LightGBM global,2160,1,128,11.714918285114699,22.210037719138636,0.21539489908279008,-3.2477007948661694,28,28.531914688675155,-17.69432408505073,,,,,,
Gucheng,LightGBM global,2160,6,128,37.51128667051862,60.89258119191402,0.6896966423682451,-3.940080637827121,24,71.98482761327737,-54.71566770937872,,,,,,
Gucheng,LightGBM global,2160,24,128,72.2058451973565,106.8156104606618,1.3276038603900422,-18.302109656744385,29,154.9563134794843,-151.97546058803354,,,,,,
Gucheng,LightGBM global+local,24,1,128,11.714918285114699,22.210037719138636,0.21539489908279008,-3.2477007948661694,28,28.531914688675155,-17.69432408505073,,,,,,
Gucheng,LightGBM global+local,24,6,128,37.51128667051862,60.89258119191402,0.6896966423682451,-3.940080637827121,24,71.98482761327737,-54.71566770937872,,,,,,
Gucheng,LightGBM global+local,24,24,128,72.2058451973565,106.8156104606618,1.3276038603900422,-18.302109656744385,29,154.9563134794843,-151.97546058803354,,,,,,
Gucheng,LightGBM global+local,72,1,128,12.174292197687125,23.07702394034233,0.22384112082601199,-2.9564239333442877,28,29.80425115143498,-16.85390778404241,,,,,,
Gucheng,LightGBM global+local,72,6,128,37.5719566166702,62.687160311933255,0.6908121428447002,-6.22266739602801,24,75.18144896940858,-62.931938790193605,,,,,,
Gucheng,LightGBM global+local,72,24,128,72.00139108800511,106.18950106463713,1.3238446901441208,-18.21784445202196,29,152.5166965193964,-150.11786215574216,,,,,,
Gucheng,LightGBM global+local,168,1,128,11.537930545678236,22.19198334336336,0.2121407358571492,-2.75693791780075,28,27.69318166343465,-14.813593251119864,,,,,,
Gucheng,LightGBM global+local,168,6,128,38.07637445814345,62.56822553097467,0.7000865592269072,-5.386654746372249,24,74.64694706316904,-60.07826683069593,,,,,,
Gucheng,LightGBM global+local,168,24,128,73.39011443875637,109.2855939174563,1.3493782806232841,-18.316350940904528,29,156.67774194430947,-152.9721402333225,,,,,,
Gucheng,LightGBM global+local,720,1,128,11.660833365562933,22.117898221133625,0.2144004733851259,-3.1037158396316458,28,29.19120557992778,-16.22474388638577,,,,,,
Gucheng,LightGBM global+local,720,6,128,38.40317006737072,62.291278308345696,0.706095146359747,-5.060299660106631,24,74.43145717528175,-60.39105004361795,,,,,,
Gucheng,LightGBM global+local,720,24,128,73.60059271433437,108.19093907964262,1.353248213457971,-18.46487658321322,29,157.05544438048253,-152.0085983157019,,,,,,
Gucheng,LightGBM global+local,2160,1,128,11.236380325825973,21.312406681996137,0.20659631996002747,-2.937793795551218,28,26.202192590838063,-15.936595020886504,,,,,,
Gucheng,LightGBM global+local,2160,6,128,37.92180978170708,61.35304010280437,0.6972446748814505,-5.2638873711753575,24,75.1296238226605,-61.421955523451665,,,,,,
Gucheng,LightGBM global+local,2160,24,128,71.88396904664279,104.90280962309927,1.3216857242739557,-17.524874468364587,29,151.37273438072282,-148.81413536815236,,,,,,
Gucheng,Persistence,24,1,128,11.1953125,21.515074657086366,0.20584123144945937,-2.7109375,28,24.892857142857142,-8.035714285714286,,,,,,
Gucheng,Persistence,24,6,128,38.7734375,73.80681074602803,0.7129030228078623,2.9453125,24,58.083333333333336,-6.083333333333333,,,,,,
Gucheng,Persistence,24,24,128,81.9609375,116.02286277928157,1.5069646609464606,-2.1484375,29,145.6551724137931,-60.758620689655174,,,,,,
Gucheng,Persistence,72,1,128,11.1953125,21.515074657086366,0.20584123144945937,-2.7109375,28,24.892857142857142,-8.035714285714286,,,,,,
Gucheng,Persistence,72,6,128,38.7734375,73.80681074602803,0.7129030228078623,2.9453125,24,58.083333333333336,-6.083333333333333,,,,,,
Gucheng,Persistence,72,24,128,81.9609375,116.02286277928157,1.5069646609464606,-2.1484375,29,145.6551724137931,-60.758620689655174,,,,,,
Gucheng,Persistence,168,1,128,11.1953125,21.515074657086366,0.20584123144945937,-2.7109375,28,24.892857142857142,-8.035714285714286,,,,,,
Gucheng,Persistence,168,6,128,38.7734375,73.80681074602803,0.7129030228078623,2.9453125,24,58.083333333333336,-6.083333333333333,,,,,,
Gucheng,Persistence,168,24,128,81.9609375,116.02286277928157,1.5069646609464606,-2.1484375,29,145.6551724137931,-60.758620689655174,,,,,,
Gucheng,Persistence,720,1,128,11.1953125,21.515074657086366,0.20584123144945937,-2.7109375,28,24.892857142857142,-8.035714285714286,,,,,,
Gucheng,Persistence,720,6,128,38.7734375,73.80681074602803,0.7129030228078623,2.9453125,24,58.083333333333336,-6.083333333333333,,,,,,
Gucheng,Persistence,720,24,128,81.9609375,116.02286277928157,1.5069646609464606,-2.1484375,29,145.6551724137931,-60.758620689655174,,,,,,
Gucheng,Persistence,2160,1,128,11.1953125,21.515074657086366,0.20584123144945937,-2.7109375,28,24.892857142857142,-8.035714285714286,,,,,,
Gucheng,Persistence,2160,6,128,38.7734375,73.80681074602803,0.7129030228078623,2.9453125,24,58.083333333333336,-6.083333333333333,,,,,,
Gucheng,Persistence,2160,24,128,81.9609375,116.02286277928157,1.5069646609464606,-2.1484375,29,145.6551724137931,-60.758620689655174,,,,,,
Gucheng,Seasonal day,24,1,128,95.5,139.30014806165858,1.7558989624830363,8.15625,28,178.14285714285714,-60.142857142857146,,,,,,
Gucheng,Seasonal day,24,6,128,92.3125,135.2287991701472,1.697292387164558,2.0,24,147.875,-115.45833333333333,,,,,,
Gucheng,Seasonal day,24,24,128,81.9609375,116.02286277928157,1.5069646609464606,-2.1484375,29,145.6551724137931,-60.758620689655174,,,,,,
Gucheng,Seasonal day,72,1,128,95.5,139.30014806165858,1.7558989624830363,8.15625,28,178.14285714285714,-60.142857142857146,,,,,,
Gucheng,Seasonal day,72,6,128,92.3125,135.2287991701472,1.697292387164558,2.0,24,147.875,-115.45833333333333,,,,,,
Gucheng,Seasonal day,72,24,128,81.9609375,116.02286277928157,1.5069646609464606,-2.1484375,29,145.6551724137931,-60.758620689655174,,,,,,
Gucheng,Seasonal day,168,1,128,95.5,139.30014806165858,1.7558989624830363,8.15625,28,178.14285714285714,-60.142857142857146,,,,,,
Gucheng,Seasonal day,168,6,128,92.3125,135.2287991701472,1.697292387164558,2.0,24,147.875,-115.45833333333333,,,,,,
Gucheng,Seasonal day,168,24,128,81.9609375,116.02286277928157,1.5069646609464606,-2.1484375,29,145.6551724137931,-60.758620689655174,,,,,,
Gucheng,Seasonal day,720,1,128,95.5,139.30014806165858,1.7558989624830363,8.15625,28,178.14285714285714,-60.142857142857146,,,,,,
Gucheng,Seasonal day,720,6,128,92.3125,135.2287991701472,1.697292387164558,2.0,24,147.875,-115.45833333333333,,,,,,
Gucheng,Seasonal day,720,24,128,81.9609375,116.02286277928157,1.5069646609464606,-2.1484375,29,145.6551724137931,-60.758620689655174,,,,,,
Gucheng,Seasonal day,2160,1,128,95.5,139.30014806165858,1.7558989624830363,8.15625,28,178.14285714285714,-60.142857142857146,,,,,,
Gucheng,Seasonal day,2160,6,128,92.3125,135.2287991701472,1.697292387164558,2.0,24,147.875,-115.45833333333333,,,,,,
Gucheng,Seasonal day,2160,24,128,81.9609375,116.02286277928157,1.5069646609464606,-2.1484375,29,145.6551724137931,-60.758620689655174,,,,,,
Gucheng,Seasonal week,168,1,128,105.484375,149.8061247079037,1.9394754410541521,-13.484375,28,215.39285714285714,-183.89285714285714,,,,,,
Gucheng,Seasonal week,168,6,128,98.1796875,137.72938253147004,1.8051687059493062,-8.7421875,24,197.95833333333334,-188.04166666666666,,,,,,
Gucheng,Seasonal week,168,24,128,111.859375,160.9357402816416,2.056688591691109,-5.21875,29,206.17241379310346,-178.79310344827587,,,,,,
Gucheng,Seasonal week,720,1,128,105.484375,149.8061247079037,1.9394754410541521,-13.484375,28,215.39285714285714,-183.89285714285714,,,,,,
Gucheng,Seasonal week,720,6,128,98.1796875,137.72938253147004,1.8051687059493062,-8.7421875,24,197.95833333333334,-188.04166666666666,,,,,,
Gucheng,Seasonal week,720,24,128,111.859375,160.9357402816416,2.056688591691109,-5.21875,29,206.17241379310346,-178.79310344827587,,,,,,
Gucheng,Seasonal week,2160,1,128,105.484375,149.8061247079037,1.9394754410541521,-13.484375,28,215.39285714285714,-183.89285714285714,,,,,,
Gucheng,Seasonal week,2160,6,128,98.1796875,137.72938253147004,1.8051687059493062,-8.7421875,24,197.95833333333334,-188.04166666666666,,,,,,
Gucheng,Seasonal week,2160,24,128,111.859375,160.9357402816416,2.056688591691109,-5.21875,29,206.17241379310346,-178.79310344827587,,,,,,
Huairou,Chronos-2,24,1,137,9.855898693530229,17.72814595494528,0.20119984219353385,-1.8001086346424409,23,18.222471154254414,-4.213770990786345,3.5492904362017215,0.8321167883211679,44.30302248035904,6.778197412905485,0.9565217391304348,103.53945358939792
Huairou,Chronos-2,24,6,137,30.3876508517857,48.733439466175305,0.6203382102562532,-0.8163259534070092,16,74.35236310958862,-23.320191860198975,10.781302402837435,0.6788321167883211,93.54498134216253,23.88179459571838,0.6875,228.20502471923828
Huairou,Chronos-2,24,24,137,68.70326142937597,96.06677264811873,1.4025190180623022,-1.6402849124295868,25,123.95246292114258,-89.64483840942383,24.908748652117097,0.48175182481751827,138.69314135078096,44.77782230758667,0.44,238.90221912384033
Huairou,Chronos-2,72,1,137,9.168147887626704,16.73777793278339,0.1871599907381714,-1.6301460405335808,23,18.621729975161344,-4.870795871900476,3.147742009220912,0.8248175182481752,35.03803023456657,6.510416578209918,0.9130434782608695,81.62131334387738
Huairou,Chronos-2,72,6,137,29.211098670959473,49.15555386444631,0.5963198918384627,1.1284740127786232,16,61.98535346984863,-13.930168151855469,9.861061887671477,0.708029197080292,83.96997156630468,20.13663428624471,0.625,180.33056545257568
Huairou,Chronos-2,72,24,137,67.12455061056318,94.58605358362405,1.3702909709312103,-1.2026957282184685,25,126.62640090942382,-97.40301956176758,22.907192159569174,0.6131386861313869,156.23204099348862,47.35456981658936,0.52,250.25467185974122
Huairou,Chronos-2,168,1,137,9.814153333650019,18.180069084331294,0.20034764595234028,-0.847798302225823,23,20.861279031504754,-2.3312895401664404,3.22274927860919,0.8175182481751825,32.952643853904554,6.9874530515809,0.9130434782608695,83.67786506984545
Huairou,Chronos-2,168,6,137,27.226763913231174,44.16564212150137,0.5558113748042769,-1.3785282190698778,16,53.37186527252197,-22.070500373840332,9.23038882872774,0.7153284671532847,83.88779366973543,18.117446072896325,0.8125,215.29190921783447
Huairou,Chronos-2,168,24,137,64.0181407719633,93.63697824837725,1.306876239433918,-18.658505230924508,25,146.2831396484375,-142.4455322265625,20.7822954657014,0.6058394160583942,134.2903032337662,49.64241859690348,0.48,209.34544227600097
Huairou,Chronos-2,720,1,137,9.074487365945412,16.799268369944503,0.1852479903444975,-0.18002366671597,23,18.450183370838996,0.23036923615828805,3.16555086214757,0.7883211678832117,30.829342584540374,6.861318438986072,0.9130434782608695,78.5857570482337
Huairou,Chronos-2,720,6,137,23.015774260472206,38.373445803046515,0.46984757992782655,1.9536553960647025,16,48.88802719116211,-9.105772018432617,7.722301962079792,0.7883211678832117,82.52852623654108,15.918660418192545,0.875,196.056058883667
Huairou,Chronos-2,720,24,137,53.24679119917598,80.65657210741247,1.086988241226426,-15.463365039686217,25,123.6311784362793,-113.8028825378418,16.558324330276527,0.6423357664233577,134.59171334148323,40.587184356689455,0.48,217.6888377380371
Huairou,Chronos-2,2160,1,137,8.749435007137103,16.996558771467225,0.1786123211548579,-0.521383550045264,23,17.099018926205844,-2.166409699813179,3.1329772884248235,0.7883211678832117,28.846851265343435,6.374083145805027,0.9565217391304348,68.83764515752378
Huairou,Chronos-2,2160,6,137,24.093988766635423,41.87659234839404,0.49185841782668027,1.9776904530768846,16,47.94948959350586,-15.15512466430664,8.153841372766054,0.7664233576642335,82.65357307099949,16.22751020590464,0.875,195.75106835365295
Huairou,Chronos-2,2160,24,137,54.85667806472222,79.89856817764762,1.1198527210033913,-16.44932547798992,25,132.25214935302733,-126.82902679443359,17.47402589292132,0.656934306569343,142.79308874589682,44.5398884379069,0.36,211.85535217285155
Huairou,LightGBM calendar,0,1,137,71.54049222452578,93.34211187673957,1.4604386868821027,5.467956328524201,23,154.49721920728757,-154.49721920728757,,,,,,
Huairou,LightGBM calendar,0,6,137,64.4571472862454,80.36966563940616,1.3158381864001012,14.893743962031003,16,149.06624839118433,-149.06624839118433,,,,,,
Huairou,LightGBM calendar,0,24,137,68.25250790803771,85.49496438585302,1.393317265874958,8.308663641830695,25,134.48090294922173,-134.48090294922173,,,,,,
Huairou,LightGBM global,24,1,137,9.07374380266482,18.186159951987168,0.18523281112854084,-1.1066519332833815,23,18.855587458960454,-9.397532831515976,,,,,,
Huairou,LightGBM global,24,6,137,27.232503283182655,42.196855942924856,0.5559285391912533,4.406535180405538,16,58.14439724009027,-29.78050964845781,,,,,,
Huairou,LightGBM global,24,24,137,57.66650448738819,75.94747140606317,1.1772129527195234,-4.3072242334116115,25,123.10034439901796,-119.67969135308927,,,,,,
Huairou,LightGBM global,72,1,137,9.07374380266482,18.186159951987168,0.18523281112854084,-1.1066519332833815,23,18.855587458960454,-9.397532831515976,,,,,,
Huairou,LightGBM global,72,6,137,27.232503283182655,42.196855942924856,0.5559285391912533,4.406535180405538,16,58.14439724009027,-29.78050964845781,,,,,,
Huairou,LightGBM global,72,24,137,57.66650448738819,75.94747140606317,1.1772129527195234,-4.3072242334116115,25,123.10034439901796,-119.67969135308927,,,,,,
Huairou,LightGBM global,168,1,137,9.07374380266482,18.186159951987168,0.18523281112854084,-1.1066519332833815,23,18.855587458960454,-9.397532831515976,,,,,,
Huairou,LightGBM global,168,6,137,27.232503283182655,42.196855942924856,0.5559285391912533,4.406535180405538,16,58.14439724009027,-29.78050964845781,,,,,,
Huairou,LightGBM global,168,24,137,57.66650448738819,75.94747140606317,1.1772129527195234,-4.3072242334116115,25,123.10034439901796,-119.67969135308927,,,,,,
Huairou,LightGBM global,720,1,137,9.07374380266482,18.186159951987168,0.18523281112854084,-1.1066519332833815,23,18.855587458960454,-9.397532831515976,,,,,,
Huairou,LightGBM global,720,6,137,27.232503283182655,42.196855942924856,0.5559285391912533,4.406535180405538,16,58.14439724009027,-29.78050964845781,,,,,,
Huairou,LightGBM global,720,24,137,57.66650448738819,75.94747140606317,1.1772129527195234,-4.3072242334116115,25,123.10034439901796,-119.67969135308927,,,,,,
Huairou,LightGBM global,2160,1,137,9.07374380266482,18.186159951987168,0.18523281112854084,-1.1066519332833815,23,18.855587458960454,-9.397532831515976,,,,,,
Huairou,LightGBM global,2160,6,137,27.232503283182655,42.196855942924856,0.5559285391912533,4.406535180405538,16,58.14439724009027,-29.78050964845781,,,,,,
Huairou,LightGBM global,2160,24,137,57.66650448738819,75.94747140606317,1.1772129527195234,-4.3072242334116115,25,123.10034439901796,-119.67969135308927,,,,,,
Huairou,LightGBM global+local,24,1,137,9.07374380266482,18.186159951987168,0.18523281112854084,-1.1066519332833815,23,18.855587458960454,-9.397532831515976,,,,,,
Huairou,LightGBM global+local,24,6,137,27.232503283182655,42.196855942924856,0.5559285391912533,4.406535180405538,16,58.14439724009027,-29.78050964845781,,,,,,
Huairou,LightGBM global+local,24,24,137,57.66650448738819,75.94747140606317,1.1772129527195234,-4.3072242334116115,25,123.10034439901796,-119.67969135308927,,,,,,
Huairou,LightGBM global+local,72,1,137,9.052798197817452,17.738660422916478,0.1848052243075942,-0.978813687717316,23,18.367895405357658,-9.266665712058492,,,,,,
Huairou,LightGBM global+local,72,6,137,27.081638310464534,43.45455414547269,0.552848758275552,2.4404523066095876,16,55.209010393545185,-40.61113417751211,,,,,,
Huairou,LightGBM global+local,72,24,137,58.77905589250872,77.15053042694477,1.1999247493910319,-5.551688204722161,25,126.87661886647511,-122.56741207028513,,,,,,
Huairou,LightGBM global+local,168,1,137,9.162980889789223,18.523408977923456,0.1870545108441666,-1.358555940607044,23,18.482045417744718,-11.121033451108257,,,,,,
Huairou,LightGBM global+local,168,6,137,26.54341475859588,42.60954604788757,0.5418613793395347,2.925353851307347,16,57.911226078979446,-38.613894899225365,,,,,,
Huairou,LightGBM global+local,168,24,137,58.03948258016387,76.87087104832753,1.1848269852640516,-5.031445729511534,25,123.69121538589219,-120.24157754310839,,,,,,
Huairou,LightGBM global+local,720,1,137,8.911113656335825,17.5191261957568,0.18191285413681724,-1.354882969881699,23,17.487283909884475,-10.14312238202795,,,,,,
Huairou,LightGBM global+local,720,6,137,27.51831136812949,42.80068056361832,0.5617630696969986,3.5738893678962658,16,57.08931583246961,-34.068155320223546,,,,,,
Huairou,LightGBM global+local,720,24,137,57.84315216201299,76.34133765643078,1.1808190657046027,-4.3839592379188375,25,122.02616793948384,-120.99281933838947,,,,,,
Huairou,LightGBM global+local,2160,1,137,9.17803835349373,18.51180558575164,0.1873618962399977,-1.641343223807122,23,20.249865405159742,-12.165850783738032,,,,,,
Huairou,LightGBM global+local,2160,6,137,26.46204302202981,42.05358371337787,0.5402002441082184,2.613885692726655,16,56.20718313761077,-37.49030547205214,,,,,,
Huairou,LightGBM global+local,2160,24,137,57.571250461271944,74.93480902181466,1.1752684222795475,-3.2961378960777266,25,119.37717731449501,-115.62871123634334,,,,,,
Huairou,Persistence,24,1,137,9.459854014598541,19.00979386457735,0.19311492478717368,-2.116788321167883,23,17.17391304347826,-6.6521739130434785,,,,,,
Huairou,Persistence,24,6,137,29.693430656934307,49.06289721583591,0.606166291693073,5.094890510948905,16,56.9375,10.5625,,,,,,
Huairou,Persistence,24,24,137,67.4014598540146,97.54153148768735,1.3759438391086125,-0.3795620437956204,25,114.72,-84.88,,,,,,
Huairou,Persistence,72,1,137,9.459854014598541,19.00979386457735,0.19311492478717368,-2.116788321167883,23,17.17391304347826,-6.6521739130434785,,,,,,
Huairou,Persistence,72,6,137,29.693430656934307,49.06289721583591,0.606166291693073,5.094890510948905,16,56.9375,10.5625,,,,,,
Huairou,Persistence,72,24,137,67.4014598540146,97.54153148768735,1.3759438391086125,-0.3795620437956204,25,114.72,-84.88,,,,,,
Huairou,Persistence,168,1,137,9.459854014598541,19.00979386457735,0.19311492478717368,-2.116788321167883,23,17.17391304347826,-6.6521739130434785,,,,,,
Huairou,Persistence,168,6,137,29.693430656934307,49.06289721583591,0.606166291693073,5.094890510948905,16,56.9375,10.5625,,,,,,
Huairou,Persistence,168,24,137,67.4014598540146,97.54153148768735,1.3759438391086125,-0.3795620437956204,25,114.72,-84.88,,,,,,
Huairou,Persistence,720,1,137,9.459854014598541,19.00979386457735,0.19311492478717368,-2.116788321167883,23,17.17391304347826,-6.6521739130434785,,,,,,
Huairou,Persistence,720,6,137,29.693430656934307,49.06289721583591,0.606166291693073,5.094890510948905,16,56.9375,10.5625,,,,,,
Huairou,Persistence,720,24,137,67.4014598540146,97.54153148768735,1.3759438391086125,-0.3795620437956204,25,114.72,-84.88,,,,,,
Huairou,Persistence,2160,1,137,9.459854014598541,19.00979386457735,0.19311492478717368,-2.116788321167883,23,17.17391304347826,-6.6521739130434785,,,,,,
Huairou,Persistence,2160,6,137,29.693430656934307,49.06289721583591,0.606166291693073,5.094890510948905,16,56.9375,10.5625,,,,,,
Huairou,Persistence,2160,24,137,67.4014598540146,97.54153148768735,1.3759438391086125,-0.3795620437956204,25,114.72,-84.88,,,,,,
Huairou,Seasonal day,24,1,137,73.23357664233576,105.24011474634955,1.4950015743747789,-1.0,23,150.3913043478261,-76.1304347826087,,,,,,
Huairou,Seasonal day,24,6,137,61.23357664233577,90.5998259775,1.2500317160799383,1.4233576642335766,16,131.625,-113.75,,,,,,
Huairou,Seasonal day,24,24,137,67.4014598540146,97.54153148768735,1.3759438391086125,-0.3795620437956204,25,114.72,-84.88,,,,,,
Huairou,Seasonal day,72,1,137,73.23357664233576,105.24011474634955,1.4950015743747789,-1.0,23,150.3913043478261,-76.1304347826087,,,,,,
Huairou,Seasonal day,72,6,137,61.23357664233577,90.5998259775,1.2500317160799383,1.4233576642335766,16,131.625,-113.75,,,,,,
Huairou,Seasonal day,72,24,137,67.4014598540146,97.54153148768735,1.3759438391086125,-0.3795620437956204,25,114.72,-84.88,,,,,,
Huairou,Seasonal day,168,1,137,73.23357664233576,105.24011474634955,1.4950015743747789,-1.0,23,150.3913043478261,-76.1304347826087,,,,,,
Huairou,Seasonal day,168,6,137,61.23357664233577,90.5998259775,1.2500317160799383,1.4233576642335766,16,131.625,-113.75,,,,,,
Huairou,Seasonal day,168,24,137,67.4014598540146,97.54153148768735,1.3759438391086125,-0.3795620437956204,25,114.72,-84.88,,,,,,
Huairou,Seasonal day,720,1,137,73.23357664233576,105.24011474634955,1.4950015743747789,-1.0,23,150.3913043478261,-76.1304347826087,,,,,,
Huairou,Seasonal day,720,6,137,61.23357664233577,90.5998259775,1.2500317160799383,1.4233576642335766,16,131.625,-113.75,,,,,,
Huairou,Seasonal day,720,24,137,67.4014598540146,97.54153148768735,1.3759438391086125,-0.3795620437956204,25,114.72,-84.88,,,,,,
Huairou,Seasonal day,2160,1,137,73.23357664233576,105.24011474634955,1.4950015743747789,-1.0,23,150.3913043478261,-76.1304347826087,,,,,,
Huairou,Seasonal day,2160,6,137,61.23357664233577,90.5998259775,1.2500317160799383,1.4233576642335766,16,131.625,-113.75,,,,,,
Huairou,Seasonal day,2160,24,137,67.4014598540146,97.54153148768735,1.3759438391086125,-0.3795620437956204,25,114.72,-84.88,,,,,,
Huairou,Seasonal week,168,1,137,91.43795620437956,132.3227364036244,1.8666285978463928,-5.321167883211679,23,189.1304347826087,-173.30434782608697,,,,,,
Huairou,Seasonal week,168,6,137,82.60583941605839,118.2838661555359,1.6863283980065158,0.18248175182481752,16,199.125,-199.125,,,,,,
Huairou,Seasonal week,168,24,137,88.91970802919708,123.77929499158225,1.8152206896275846,-8.204379562043796,25,179.64,-168.52,,,,,,
Huairou,Seasonal week,720,1,137,91.43795620437956,132.3227364036244,1.8666285978463928,-5.321167883211679,23,189.1304347826087,-173.30434782608697,,,,,,
Huairou,Seasonal week,720,6,137,82.60583941605839,118.2838661555359,1.6863283980065158,0.18248175182481752,16,199.125,-199.125,,,,,,
Huairou,Seasonal week,720,24,137,88.91970802919708,123.77929499158225,1.8152206896275846,-8.204379562043796,25,179.64,-168.52,,,,,,
Huairou,Seasonal week,2160,1,137,91.43795620437956,132.3227364036244,1.8666285978463928,-5.321167883211679,23,189.1304347826087,-173.30434782608697,,,,,,
Huairou,Seasonal week,2160,6,137,82.60583941605839,118.2838661555359,1.6863283980065158,0.18248175182481752,16,199.125,-199.125,,,,,,
Huairou,Seasonal week,2160,24,137,88.91970802919708,123.77929499158225,1.8152206896275846,-8.204379562043796,25,179.64,-168.52,,,,,,
Nongzhanguan,Chronos-2,24,1,132,14.134129451982902,30.169107984115026,0.253667138678496,5.583742690808846,30,30.134972635904948,11.385295104980468,4.898979582389195,0.8181818181818182,53.84476323380615,10.018196148342556,0.7666666666666667,102.59837214152019
Nongzhanguan,Chronos-2,24,6,132,45.646723703904584,71.98061950586364,0.8192279426443844,7.704901016119755,29,58.552947998046875,-11.468422725282867,16.375783570065643,0.7121212121212122,131.0271587209268,20.842406932786965,0.8275862068965517,272.15236440198174
Nongzhanguan,Chronos-2,24,24,132,89.30871051730531,149.99131862565892,1.6028355430700172,22.986753232551344,31,128.71756664399177,-24.973950724447928,35.9092570632395,0.5,328.0731328472947,63.12105151145689,0.5483870967741935,912.8001040797079
Nongzhanguan,Chronos-2,72,1,132,12.551336042808764,22.46129824361658,0.22526053064590446,4.966781038226503,30,24.530685424804688,6.035663859049479,4.422043520031553,0.8181818181818182,41.28528368111813,8.753202014499239,0.8,73.94662094116211
Nongzhanguan,Chronos-2,72,6,132,42.32809899792527,66.91788186121795,0.7596681348491163,3.0371446826241235,29,63.29386428306843,-23.899274102572736,14.344360847665806,0.7045454545454546,111.6493893030918,20.83368676722735,0.7586206896551724,202.79736827981884
Nongzhanguan,Chronos-2,72,24,132,83.51013019590667,116.35111533595514,1.4987676354196968,4.173986861200044,31,128.30807359756963,-87.27426405875913,27.012674355025243,0.5681818181818182,190.9510029590491,40.817726492112676,0.4838709677419355,243.95037521854525
Nongzhanguan,Chronos-2,168,1,132,12.145595001451897,21.871602735023963,0.2179786411347687,4.662040349208947,30,22.443356323242188,5.750531005859375,4.050610876324201,0.7878787878787878,39.679620533278495,7.342269168429905,0.9,75.17290598551432
Nongzhanguan,Chronos-2,168,6,132,40.10983278534629,62.43723942021421,0.7198566102070273,-9.598502686529448,29,76.18595807305698,-63.3133184498754,12.449510307023019,0.7196969696969697,109.84919038685885,21.717944638482457,0.7241379310344828,218.9985150304334
Nongzhanguan,Chronos-2,168,24,132,65.67503150304158,94.42427685636198,1.178678699710044,-23.806373379447244,31,130.61824404808783,-127.67109064902029,21.040453997043645,0.6818181818181818,153.5701369372281,42.49338747045046,0.5806451612903226,212.20386080588065
Nongzhanguan,Chronos-2,720,1,132,11.758814349318996,21.33856564025929,0.21103703630115855,4.834428613836115,30,21.681029764811196,4.357178243001302,4.128848696236658,0.7424242424242424,37.66660398425478,7.699830212063259,0.7666666666666667,69.0120953877767
Nongzhanguan,Chronos-2,720,6,132,35.055499004595205,58.61436059156536,0.6291457961844968,-5.555608792738481,29,67.55748143689385,-49.464259706694506,11.312616449895529,0.75,105.15714393962513,22.224988810221358,0.7241379310344828,198.17764492692618
Nongzhanguan,Chronos-2,720,24,132,58.12105570417462,85.3138449273014,1.0431064712926534,-7.77584846091993,31,101.79292580389208,-93.8106328902706,17.714857073504515,0.6893939393939394,162.45819188609266,30.557656788569627,0.6774193548387096,220.087004569269
Nongzhanguan,Chronos-2,2160,1,132,11.421178601004861,21.19014003428038,0.20497744172326937,4.829549457087661,30,20.625664265950522,4.174653116861979,4.023193068456168,0.7651515151515151,35.50076384977861,7.128748245239259,0.8,59.92937240600586
Nongzhanguan,Chronos-2,2160,6,132,38.28444096536347,63.779740417615685,0.6870960555853056,-2.576867132475882,29,68.73920282824287,-48.336041417615164,12.550454301545116,0.7272727272727273,108.68081766186339,23.096265915618545,0.6551724137931034,193.45513218846816
Nongzhanguan,Chronos-2,2160,24,132,61.34992128429991,85.51683197156963,1.1010553598797013,-7.240345839298133,31,106.61277340304467,-102.84397063716766,18.654394268748735,0.6515151515151515,177.89627894488248,32.24688172699303,0.5806451612903226,223.59682378461284
Nongzhanguan,LightGBM calendar,0,1,132,74.48870700697688,102.58299255113415,1.3368589296222837,-14.31569777989292,30,162.86311504581306,-162.86311504581306,,,,,,
Nongzhanguan,LightGBM calendar,0,6,132,81.08645371987016,114.58992425224025,1.455269584913848,-14.102731280362763,29,180.835363177034,-180.835363177034,,,,,,
Nongzhanguan,LightGBM calendar,0,24,132,68.57484668095063,84.65919276709562,1.2307220760902893,-6.833433515044584,31,131.7612766936763,-131.7612766936763,,,,,,
Nongzhanguan,LightGBM global,24,1,132,11.710692179276009,21.930444456217412,0.21017338118725326,4.3923158767479435,30,22.722265999428448,3.420613763590441,,,,,,
Nongzhanguan,LightGBM global,24,6,132,38.90536901771807,68.54580532922927,0.6982399355745965,-3.0818661571792734,29,75.62491704679104,-60.730258129947565,,,,,,
Nongzhanguan,LightGBM global,24,24,132,59.17690333775678,78.59392696498428,1.0620559120064337,1.8795908641191186,31,94.81207510928708,-91.62721070586092,,,,,,
Nongzhanguan,LightGBM global,72,1,132,11.710692179276009,21.930444456217412,0.21017338118725326,4.3923158767479435,30,22.722265999428448,3.420613763590441,,,,,,
Nongzhanguan,LightGBM global,72,6,132,38.90536901771807,68.54580532922927,0.6982399355745965,-3.0818661571792734,29,75.62491704679104,-60.730258129947565,,,,,,
Nongzhanguan,LightGBM global,72,24,132,59.17690333775678,78.59392696498428,1.0620559120064337,1.8795908641191186,31,94.81207510928708,-91.62721070586092,,,,,,
Nongzhanguan,LightGBM global,168,1,132,11.710692179276009,21.930444456217412,0.21017338118725326,4.3923158767479435,30,22.722265999428448,3.420613763590441,,,,,,
Nongzhanguan,LightGBM global,168,6,132,38.90536901771807,68.54580532922927,0.6982399355745965,-3.0818661571792734,29,75.62491704679104,-60.730258129947565,,,,,,
Nongzhanguan,LightGBM global,168,24,132,59.17690333775678,78.59392696498428,1.0620559120064337,1.8795908641191186,31,94.81207510928708,-91.62721070586092,,,,,,
Nongzhanguan,LightGBM global,720,1,132,11.710692179276009,21.930444456217412,0.21017338118725326,4.3923158767479435,30,22.722265999428448,3.420613763590441,,,,,,
Nongzhanguan,LightGBM global,720,6,132,38.90536901771807,68.54580532922927,0.6982399355745965,-3.0818661571792734,29,75.62491704679104,-60.730258129947565,,,,,,
Nongzhanguan,LightGBM global,720,24,132,59.17690333775678,78.59392696498428,1.0620559120064337,1.8795908641191186,31,94.81207510928708,-91.62721070586092,,,,,,
Nongzhanguan,LightGBM global,2160,1,132,11.710692179276009,21.930444456217412,0.21017338118725326,4.3923158767479435,30,22.722265999428448,3.420613763590441,,,,,,
Nongzhanguan,LightGBM global,2160,6,132,38.90536901771807,68.54580532922927,0.6982399355745965,-3.0818661571792734,29,75.62491704679104,-60.730258129947565,,,,,,
Nongzhanguan,LightGBM global,2160,24,132,59.17690333775678,78.59392696498428,1.0620559120064337,1.8795908641191186,31,94.81207510928708,-91.62721070586092,,,,,,
Nongzhanguan,LightGBM global+local,24,1,132,11.710692179276009,21.930444456217412,0.21017338118725326,4.3923158767479435,30,22.722265999428448,3.420613763590441,,,,,,
Nongzhanguan,LightGBM global+local,24,6,132,38.90536901771807,68.54580532922927,0.6982399355745965,-3.0818661571792734,29,75.62491704679104,-60.730258129947565,,,,,,
Nongzhanguan,LightGBM global+local,24,24,132,59.17690333775678,78.59392696498428,1.0620559120064337,1.8795908641191186,31,94.81207510928708,-91.62721070586092,,,,,,
Nongzhanguan,LightGBM global+local,72,1,132,11.973520680018288,22.64360748028819,0.2148903999447898,4.044878630993101,30,24.023763774527307,2.615696638615082,,,,,,
Nongzhanguan,LightGBM global+local,72,6,132,37.92039517214322,67.72594553933774,0.6805624763487599,-6.338910533786704,29,77.61492804393934,-64.83636032799099,,,,,,
Nongzhanguan,LightGBM global+local,72,24,132,59.29307159497578,77.5228537882856,1.0641407994778642,2.703106762397148,31,92.55937754259789,-88.01437187349988,,,,,,
Nongzhanguan,LightGBM global+local,168,1,132,12.216030931086875,22.52531429293825,0.21924276431910522,4.399889879132135,30,24.22383578030177,3.1679119050165117,,,,,,
Nongzhanguan,LightGBM global+local,168,6,132,37.074719352779894,67.55616254421179,0.6653850176961935,-5.627274071812644,29,74.55479144164661,-64.40034049469716,,,,,,
Nongzhanguan,LightGBM global+local,168,24,132,58.20001669660446,77.4870794901641,1.04452359493546,1.62257261400944,31,92.51513343787313,-87.43421554134326,,,,,,
Nongzhanguan,LightGBM global+local,720,1,132,12.107027989006719,21.667621052858074,0.21728647373050217,4.143160215960167,30,23.431061988316433,1.911393230638932,,,,,,
Nongzhanguan,LightGBM global+local,720,6,132,37.418528072256734,66.68412301085685,0.6715553994249512,-5.405049974468194,29,74.63148131606646,-65.7059462532941,,,,,,
Nongzhanguan,LightGBM global+local,720,24,132,59.03624841325923,77.71274998005103,1.05953155899555,1.9159386375245062,31,94.34228461861498,-88.44781168250887,,,,,,
Nongzhanguan,LightGBM global+local,2160,1,132,11.951378156460725,21.70626292700617,0.21449300507069796,3.9363437240254595,30,24.05570514214979,1.2567827344335332,,,,,,
Nongzhanguan,LightGBM global+local,2160,6,132,37.935330791341464,67.52313986743295,0.6808305279326428,-5.5984140386736,29,75.64708504257129,-66.427911836081,,,,,,
Nongzhanguan,LightGBM global+local,2160,24,132,58.680865221102096,77.52569712717069,1.053153448635433,1.7084810669249242,31,91.75260943798334,-88.81224015699819,,,,,,
Nongzhanguan,Persistence,24,1,132,12.333333333333334,22.751290339697487,0.22134800644519861,2.909090909090909,30,21.4,-1.3333333333333333,,,,,,
Nongzhanguan,Persistence,24,6,132,40.61363636363637,65.49109354204839,0.7288984413714436,1.3409090909090908,29,64.37931034482759,-25.413793103448278,,,,,,
Nongzhanguan,Persistence,24,24,132,81.1969696969697,114.76834375067337,1.4572530301471986,10.454545454545455,31,102.83870967741936,-70.64516129032258,,,,,,
Nongzhanguan,Persistence,72,1,132,12.333333333333334,22.751290339697487,0.22134800644519861,2.909090909090909,30,21.4,-1.3333333333333333,,,,,,
Nongzhanguan,Persistence,72,6,132,40.61363636363637,65.49109354204839,0.7288984413714436,1.3409090909090908,29,64.37931034482759,-25.413793103448278,,,,,,
Nongzhanguan,Persistence,72,24,132,81.1969696969697,114.76834375067337,1.4572530301471986,10.454545454545455,31,102.83870967741936,-70.64516129032258,,,,,,
Nongzhanguan,Persistence,168,1,132,12.333333333333334,22.751290339697487,0.22134800644519861,2.909090909090909,30,21.4,-1.3333333333333333,,,,,,
Nongzhanguan,Persistence,168,6,132,40.61363636363637,65.49109354204839,0.7288984413714436,1.3409090909090908,29,64.37931034482759,-25.413793103448278,,,,,,
Nongzhanguan,Persistence,168,24,132,81.1969696969697,114.76834375067337,1.4572530301471986,10.454545454545455,31,102.83870967741936,-70.64516129032258,,,,,,
Nongzhanguan,Persistence,720,1,132,12.333333333333334,22.751290339697487,0.22134800644519861,2.909090909090909,30,21.4,-1.3333333333333333,,,,,,
Nongzhanguan,Persistence,720,6,132,40.61363636363637,65.49109354204839,0.7288984413714436,1.3409090909090908,29,64.37931034482759,-25.413793103448278,,,,,,
Nongzhanguan,Persistence,720,24,132,81.1969696969697,114.76834375067337,1.4572530301471986,10.454545454545455,31,102.83870967741936,-70.64516129032258,,,,,,
Nongzhanguan,Persistence,2160,1,132,12.333333333333334,22.751290339697487,0.22134800644519861,2.909090909090909,30,21.4,-1.3333333333333333,,,,,,
Nongzhanguan,Persistence,2160,6,132,40.61363636363637,65.49109354204839,0.7288984413714436,1.3409090909090908,29,64.37931034482759,-25.413793103448278,,,,,,
Nongzhanguan,Persistence,2160,24,132,81.1969696969697,114.76834375067337,1.4572530301471986,10.454545454545455,31,102.83870967741936,-70.64516129032258,,,,,,
Nongzhanguan,Seasonal day,24,1,132,87.13636363636364,124.66774023196801,1.5638481389021346,8.333333333333334,30,123.5,-75.76666666666667,,,,,,
Nongzhanguan,Seasonal day,24,6,132,86.10606060606061,131.85224742686472,1.5453571506487274,3.5,29,123.41379310344827,-89.89655172413794,,,,,,
Nongzhanguan,Seasonal day,24,24,132,81.1969696969697,114.76834375067337,1.4572530301471986,10.454545454545455,31,102.83870967741936,-70.64516129032258,,,,,,
Nongzhanguan,Seasonal day,72,1,132,87.13636363636364,124.66774023196801,1.5638481389021346,8.333333333333334,30,123.5,-75.76666666666667,,,,,,
Nongzhanguan,Seasonal day,72,6,132,86.10606060606061,131.85224742686472,1.5453571506487274,3.5,29,123.41379310344827,-89.89655172413794,,,,,,
Nongzhanguan,Seasonal day,72,24,132,81.1969696969697,114.76834375067337,1.4572530301471986,10.454545454545455,31,102.83870967741936,-70.64516129032258,,,,,,
Nongzhanguan,Seasonal day,168,1,132,87.13636363636364,124.66774023196801,1.5638481389021346,8.333333333333334,30,123.5,-75.76666666666667,,,,,,
Nongzhanguan,Seasonal day,168,6,132,86.10606060606061,131.85224742686472,1.5453571506487274,3.5,29,123.41379310344827,-89.89655172413794,,,,,,
Nongzhanguan,Seasonal day,168,24,132,81.1969696969697,114.76834375067337,1.4572530301471986,10.454545454545455,31,102.83870967741936,-70.64516129032258,,,,,,
Nongzhanguan,Seasonal day,720,1,132,87.13636363636364,124.66774023196801,1.5638481389021346,8.333333333333334,30,123.5,-75.76666666666667,,,,,,
Nongzhanguan,Seasonal day,720,6,132,86.10606060606061,131.85224742686472,1.5453571506487274,3.5,29,123.41379310344827,-89.89655172413794,,,,,,
Nongzhanguan,Seasonal day,720,24,132,81.1969696969697,114.76834375067337,1.4572530301471986,10.454545454545455,31,102.83870967741936,-70.64516129032258,,,,,,
Nongzhanguan,Seasonal day,2160,1,132,87.13636363636364,124.66774023196801,1.5638481389021346,8.333333333333334,30,123.5,-75.76666666666667,,,,,,
Nongzhanguan,Seasonal day,2160,6,132,86.10606060606061,131.85224742686472,1.5453571506487274,3.5,29,123.41379310344827,-89.89655172413794,,,,,,
Nongzhanguan,Seasonal day,2160,24,132,81.1969696969697,114.76834375067337,1.4572530301471986,10.454545454545455,31,102.83870967741936,-70.64516129032258,,,,,,
Nongzhanguan,Seasonal week,168,1,132,105.65151515151516,144.0746860191448,1.8961420748677766,-1.5,30,180.7,-143.3,,,,,,
Nongzhanguan,Seasonal week,168,6,132,94.04545454545455,136.61697174837747,1.6878465307191008,-10.121212121212121,29,172.41379310344828,-159.51724137931035,,,,,,
Nongzhanguan,Seasonal week,168,24,132,108.04545454545455,146.81099991815904,1.9391064299271643,8.924242424242424,31,171.48387096774192,-131.16129032258064,,,,,,
Nongzhanguan,Seasonal week,720,1,132,105.65151515151516,144.0746860191448,1.8961420748677766,-1.5,30,180.7,-143.3,,,,,,
Nongzhanguan,Seasonal week,720,6,132,94.04545454545455,136.61697174837747,1.6878465307191008,-10.121212121212121,29,172.41379310344828,-159.51724137931035,,,,,,
Nongzhanguan,Seasonal week,720,24,132,108.04545454545455,146.81099991815904,1.9391064299271643,8.924242424242424,31,171.48387096774192,-131.16129032258064,,,,,,
Nongzhanguan,Seasonal week,2160,1,132,105.65151515151516,144.0746860191448,1.8961420748677766,-1.5,30,180.7,-143.3,,,,,,
Nongzhanguan,Seasonal week,2160,6,132,94.04545454545455,136.61697174837747,1.6878465307191008,-10.121212121212121,29,172.41379310344828,-159.51724137931035,,,,,,
Nongzhanguan,Seasonal week,2160,24,132,108.04545454545455,146.81099991815904,1.9391064299271643,8.924242424242424,31,171.48387096774192,-131.16129032258064,,,,,,
Shunyi,Chronos-2,24,1,119,15.617943126614355,34.3302283152467,0.26550066052190535,2.658148408937855,25,34.61988525390625,8.292056884765625,5.634894538326424,0.8151260504201681,64.31716389014942,12.372106933593749,0.88,164.04742431640625
Shunyi,Chronos-2,24,6,119,52.242560334566264,96.37721786489678,0.8881088990871269,-0.5905023743124569,25,101.70790496826172,-22.07081024169922,19.01961917329569,0.6470588235294118,164.39409040402964,37.02067702738444,0.72,464.041033782959
Shunyi,Chronos-2,24,24,119,104.34851043564933,231.17149491059672,1.7738954624524623,22.911784694976166,31,184.8325202695785,-5.76328868250693,44.52346099044094,0.46218487394957986,496.398853941124,95.57494387370284,0.41935483870967744,1514.4196332808465
Shunyi,Chronos-2,72,1,119,11.494003732665247,21.65525916129943,0.19539484542388685,2.0512259146746468,25,21.80311096191406,2.1793743896484377,4.184195160799,0.8571428571428571,45.870271558521175,7.826251525878906,0.84,96.93106689453126
Shunyi,Chronos-2,72,6,119,40.07885593526504,63.83255760461849,0.68132932982974,-4.8811943991845395,25,65.9380517578125,-42.56271728515625,13.456781459990001,0.7899159663865546,121.68712936128888,21.55360912322998,0.84,254.9685031890869
Shunyi,Chronos-2,72,24,119,82.9478916641043,115.26012901114763,1.4100909349702058,4.316245107089772,31,118.43193915582472,-70.89938083771736,26.90349218224277,0.5630252100840336,200.92567838540597,39.58738834627213,0.6129032258064516,293.0790879649501
Shunyi,Chronos-2,168,1,119,11.520609975862904,21.79719092990513,0.19584714410916934,-0.4476409399208902,25,21.90730407714844,-7.387127075195313,4.152146610292066,0.8571428571428571,42.12199222340303,7.734393981933593,0.92,89.51519653320312
Shunyi,Chronos-2,168,6,119,40.46799699799353,66.2704412837497,0.6879446189464322,-16.017159918777082,25,81.99565002441406,-75.73285217285157,12.90095802007937,0.7478991596638656,117.54232050791508,25.37109285481771,0.72,237.62852844238282
Shunyi,Chronos-2,168,24,119,71.64627581684529,103.8119081796281,1.217966629734465,-20.752614478103254,31,142.1050116016019,-127.6923470035676,23.4337724926091,0.6470588235294118,183.39177963513285,46.585769333377975,0.5483870967741935,260.1414904440603
Shunyi,Chronos-2,720,1,119,11.175083801525982,20.14415878131735,0.18997329588406403,1.0631105118438977,25,18.510979614257813,-1.9717327880859374,3.9834752416744283,0.8235294117647058,40.88155257601698,7.068287027994791,0.88,87.88621154785156
Shunyi,Chronos-2,720,6,119,36.47618497319582,56.99406390175384,0.6200849321316536,-12.918456935081162,25,78.4359701538086,-68.86615203857421,11.306928334917341,0.7394957983193278,114.26980121195817,23.57879124450684,0.68,225.4461180114746
Shunyi,Chronos-2,720,24,119,60.06789981617647,86.40272372790629,1.0211374793766261,-11.133965692600283,31,116.23240403206118,-93.49099620696038,18.472959486376336,0.6722689075630253,177.45161120631113,34.262222294140884,0.6451612903225806,271.7276845132151
Shunyi,Chronos-2,2160,1,119,11.434082159475118,21.477670421577145,0.19437619545618526,0.17654124027540705,25,21.166401977539063,-7.7352447509765625,4.102462734361323,0.7815126050420168,40.05009813068294,7.554294799804687,0.8,80.51286193847656
Shunyi,Chronos-2,2160,6,119,38.955273604192655,65.5009445687218,0.6622287447762505,-11.439179043809906,25,79.94007751464844,-74.85412780761719,12.580181325917817,0.7563025210084033,118.9406316741174,25.469142384847004,0.72,225.40768524169923
Shunyi,Chronos-2,2160,24,119,65.50989226333233,92.1835874573743,1.1136498273575166,-13.491292889378652,31,120.90481456633538,-108.96281076246693,20.43924524643842,0.6890756302521008,191.8946994973832,36.35706961436939,0.6451612903225806,263.9040505193895
Shunyi,LightGBM calendar,0,1,119,84.06965581533383,117.12219447373894,1.4291606114754114,-14.23581851090106,25,193.35426546076962,-193.35426546076962,,,,,,
Shunyi,LightGBM calendar,0,6,119,83.47606293961698,118.44945106181807,1.419069698779273,-15.149400805411643,25,192.71882478202232,-192.71882478202232,,,,,,
Shunyi,LightGBM calendar,0,24,119,75.22536551949064,97.4435786975183,1.278810152624504,-7.258774335809172,31,137.9063813738947,-137.9063813738947,,,,,,
Shunyi,LightGBM global,24,1,119,11.530683044716959,28.291825626331494,0.19601838345948286,-2.7578713235951655,25,30.696231744875732,-18.544046317910357,,,,,,
Shunyi,LightGBM global,24,6,119,40.75578362274136,69.63192447647042,0.6928369109941424,-11.504570143270929,25,95.18846428770019,-85.4957113107708,,,,,,
Shunyi,LightGBM global,24,24,119,64.23478259173032,86.06522795248975,1.0919733199388606,4.907704632122458,31,94.63328868580692,-86.59287596696387,,,,,,
Shunyi,LightGBM global,72,1,119,11.530683044716959,28.291825626331494,0.19601838345948286,-2.7578713235951655,25,30.696231744875732,-18.544046317910357,,,,,,
Shunyi,LightGBM global,72,6,119,40.75578362274136,69.63192447647042,0.6928369109941424,-11.504570143270929,25,95.18846428770019,-85.4957113107708,,,,,,
Shunyi,LightGBM global,72,24,119,64.23478259173032,86.06522795248975,1.0919733199388606,4.907704632122458,31,94.63328868580692,-86.59287596696387,,,,,,
Shunyi,LightGBM global,168,1,119,11.530683044716959,28.291825626331494,0.19601838345948286,-2.7578713235951655,25,30.696231744875732,-18.544046317910357,,,,,,
Shunyi,LightGBM global,168,6,119,40.75578362274136,69.63192447647042,0.6928369109941424,-11.504570143270929,25,95.18846428770019,-85.4957113107708,,,,,,
Shunyi,LightGBM global,168,24,119,64.23478259173032,86.06522795248975,1.0919733199388606,4.907704632122458,31,94.63328868580692,-86.59287596696387,,,,,,
Shunyi,LightGBM global,720,1,119,11.530683044716959,28.291825626331494,0.19601838345948286,-2.7578713235951655,25,30.696231744875732,-18.544046317910357,,,,,,
Shunyi,LightGBM global,720,6,119,40.75578362274136,69.63192447647042,0.6928369109941424,-11.504570143270929,25,95.18846428770019,-85.4957113107708,,,,,,
Shunyi,LightGBM global,720,24,119,64.23478259173032,86.06522795248975,1.0919733199388606,4.907704632122458,31,94.63328868580692,-86.59287596696387,,,,,,
Shunyi,LightGBM global,2160,1,119,11.530683044716959,28.291825626331494,0.19601838345948286,-2.7578713235951655,25,30.696231744875732,-18.544046317910357,,,,,,
Shunyi,LightGBM global,2160,6,119,40.75578362274136,69.63192447647042,0.6928369109941424,-11.504570143270929,25,95.18846428770019,-85.4957113107708,,,,,,
Shunyi,LightGBM global,2160,24,119,64.23478259173032,86.06522795248975,1.0919733199388606,4.907704632122458,31,94.63328868580692,-86.59287596696387,,,,,,
Shunyi,LightGBM global+local,24,1,119,11.530683044716959,28.291825626331494,0.19601838345948286,-2.7578713235951655,25,30.696231744875732,-18.544046317910357,,,,,,
Shunyi,LightGBM global+local,24,6,119,40.75578362274136,69.63192447647042,0.6928369109941424,-11.504570143270929,25,95.18846428770019,-85.4957113107708,,,,,,
Shunyi,LightGBM global+local,24,24,119,64.23478259173032,86.06522795248975,1.0919733199388606,4.907704632122458,31,94.63328868580692,-86.59287596696387,,,,,,
Shunyi,LightGBM global+local,72,1,119,11.325921521252239,27.009517097185398,0.19253749488864963,-3.0233402169329104,25,29.66357362408608,-19.467956025809073,,,,,,
Shunyi,LightGBM global+local,72,6,119,42.77324059795743,71.85555613788726,0.7271331147356975,-14.227021578106818,25,102.52766153464249,-89.65361093839518,,,,,,
Shunyi,LightGBM global+local,72,24,119,62.19644678266945,84.95032972946206,1.0573221818674905,5.02503310970664,31,88.94132176556911,-82.89291357211776,,,,,,
Shunyi,LightGBM global+local,168,1,119,11.38436868560605,27.463946257910976,0.19353108031893115,-2.9933863186934566,25,29.623527370756797,-20.090724220778892,,,,,,
Shunyi,LightGBM global+local,168,6,119,40.889056644358156,69.80773527724644,0.6951025150485398,-12.563085209981956,25,93.90977537070759,-83.9530334674447,,,,,,
Shunyi,LightGBM global+local,168,24,119,64.1150207190021,86.3329664755085,1.0899374016327879,4.88929493411021,31,94.10196815866927,-84.53652077425402,,,,,,
Shunyi,LightGBM global+local,720,1,119,11.393201079662228,27.80387294878221,0.19368122854503841,-2.9568614663590096,25,29.811484490398634,-20.457058085267576,,,,,,
Shunyi,LightGBM global+local,720,6,119,41.33905514384269,70.56006714666987,0.7027523635515357,-12.43568087984892,25,96.53922406734168,-85.8735301156004,,,,,,
Shunyi,LightGBM global+local,720,24,119,62.33246476740185,84.90707812085255,1.0596344495263335,4.114088626095018,31,89.94791201422204,-82.80380400966449,,,,,,
Shunyi,LightGBM global+local,2160,1,119,11.24142366295202,25.734813800733782,0.1911010549548171,-2.5672144509037307,25,28.186114857026137,-19.06946889083381,,,,,,
Shunyi,LightGBM global+local,2160,6,119,41.233011616259525,69.34851090258769,0.7009496532721375,-12.234310215292469,25,93.84355672895832,-84.27226668081792,,,,,,
Shunyi,LightGBM global+local,2160,24,119,64.76311687972367,87.12925836677682,1.1009548549144599,3.659427717774436,31,94.33443082960261,-87.79973375623698,,,,,,
Shunyi,Persistence,24,1,119,11.974789915966387,23.470883088226067,0.20356807593198967,-1.7899159663865547,25,24.76,-15.0,,,,,,
Shunyi,Persistence,24,6,119,40.226890756302524,63.7421934584209,0.6838458803413575,-3.26890756302521,25,62.6,-36.76,,,,,,
Shunyi,Persistence,24,24,119,84.3109243697479,118.26401883607923,1.4332621093513345,5.201680672268908,31,121.0,-67.38709677419355,,,,,,
Shunyi,Persistence,72,1,119,11.974789915966387,23.470883088226067,0.20356807593198967,-1.7899159663865547,25,24.76,-15.0,,,,,,
Shunyi,Persistence,72,6,119,40.226890756302524,63.7421934584209,0.6838458803413575,-3.26890756302521,25,62.6,-36.76,,,,,,
Shunyi,Persistence,72,24,119,84.3109243697479,118.26401883607923,1.4332621093513345,5.201680672268908,31,121.0,-67.38709677419355,,,,,,
Shunyi,Persistence,168,1,119,11.974789915966387,23.470883088226067,0.20356807593198967,-1.7899159663865547,25,24.76,-15.0,,,,,,
Shunyi,Persistence,168,6,119,40.226890756302524,63.7421934584209,0.6838458803413575,-3.26890756302521,25,62.6,-36.76,,,,,,
Shunyi,Persistence,168,24,119,84.3109243697479,118.26401883607923,1.4332621093513345,5.201680672268908,31,121.0,-67.38709677419355,,,,,,
Shunyi,Persistence,720,1,119,11.974789915966387,23.470883088226067,0.20356807593198967,-1.7899159663865547,25,24.76,-15.0,,,,,,
Shunyi,Persistence,720,6,119,40.226890756302524,63.7421934584209,0.6838458803413575,-3.26890756302521,25,62.6,-36.76,,,,,,
Shunyi,Persistence,720,24,119,84.3109243697479,118.26401883607923,1.4332621093513345,5.201680672268908,31,121.0,-67.38709677419355,,,,,,
Shunyi,Persistence,2160,1,119,11.974789915966387,23.470883088226067,0.20356807593198967,-1.7899159663865547,25,24.76,-15.0,,,,,,
Shunyi,Persistence,2160,6,119,40.226890756302524,63.7421934584209,0.6838458803413575,-3.26890756302521,25,62.6,-36.76,,,,,,
Shunyi,Persistence,2160,24,119,84.3109243697479,118.26401883607923,1.4332621093513345,5.201680672268908,31,121.0,-67.38709677419355,,,,,,
Shunyi,Seasonal day,24,1,119,85.68067226890756,125.92788385728203,1.456547440142152,3.142857142857143,25,157.76,-81.04,,,,,,
Shunyi,Seasonal day,24,6,119,86.74789915966386,132.35650228635913,1.4746899984883715,-1.8403361344537814,25,147.52,-100.8,,,,,,
Shunyi,Seasonal day,24,24,119,84.3109243697479,118.26401883607923,1.4332621093513345,5.201680672268908,31,121.0,-67.38709677419355,,,,,,
Shunyi,Seasonal day,72,1,119,85.68067226890756,125.92788385728203,1.456547440142152,3.142857142857143,25,157.76,-81.04,,,,,,
Shunyi,Seasonal day,72,6,119,86.74789915966386,132.35650228635913,1.4746899984883715,-1.8403361344537814,25,147.52,-100.8,,,,,,
Shunyi,Seasonal day,72,24,119,84.3109243697479,118.26401883607923,1.4332621093513345,5.201680672268908,31,121.0,-67.38709677419355,,,,,,
Shunyi,Seasonal day,168,1,119,85.68067226890756,125.92788385728203,1.456547440142152,3.142857142857143,25,157.76,-81.04,,,,,,
Shunyi,Seasonal day,168,6,119,86.74789915966386,132.35650228635913,1.4746899984883715,-1.8403361344537814,25,147.52,-100.8,,,,,,
Shunyi,Seasonal day,168,24,119,84.3109243697479,118.26401883607923,1.4332621093513345,5.201680672268908,31,121.0,-67.38709677419355,,,,,,
Shunyi,Seasonal day,720,1,119,85.68067226890756,125.92788385728203,1.456547440142152,3.142857142857143,25,157.76,-81.04,,,,,,
Shunyi,Seasonal day,720,6,119,86.74789915966386,132.35650228635913,1.4746899984883715,-1.8403361344537814,25,147.52,-100.8,,,,,,
Shunyi,Seasonal day,720,24,119,84.3109243697479,118.26401883607923,1.4332621093513345,5.201680672268908,31,121.0,-67.38709677419355,,,,,,
Shunyi,Seasonal day,2160,1,119,85.68067226890756,125.92788385728203,1.456547440142152,3.142857142857143,25,157.76,-81.04,,,,,,
Shunyi,Seasonal day,2160,6,119,86.74789915966386,132.35650228635913,1.4746899984883715,-1.8403361344537814,25,147.52,-100.8,,,,,,
Shunyi,Seasonal day,2160,24,119,84.3109243697479,118.26401883607923,1.4332621093513345,5.201680672268908,31,121.0,-67.38709677419355,,,,,,
Shunyi,Seasonal week,168,1,119,111.7983193277311,154.435975692956,1.900540127859081,-6.554621848739496,25,212.84,-193.24,,,,,,
Shunyi,Seasonal week,168,6,119,113.3529411764706,158.20641234653868,1.9269682640327077,-8.647058823529411,25,213.8,-201.56,,,,,,
Shunyi,Seasonal week,168,24,119,110.33613445378151,151.87998357836594,1.875683394376859,10.6890756302521,31,174.16129032258064,-115.0,,,,,,
Shunyi,Seasonal week,720,1,119,111.7983193277311,154.435975692956,1.900540127859081,-6.554621848739496,25,212.84,-193.24,,,,,,
Shunyi,Seasonal week,720,6,119,113.3529411764706,158.20641234653868,1.9269682640327077,-8.647058823529411,25,213.8,-201.56,,,,,,
Shunyi,Seasonal week,720,24,119,110.33613445378151,151.87998357836594,1.875683394376859,10.6890756302521,31,174.16129032258064,-115.0,,,,,,
Shunyi,Seasonal week,2160,1,119,111.7983193277311,154.435975692956,1.900540127859081,-6.554621848739496,25,212.84,-193.24,,,,,,
Shunyi,Seasonal week,2160,6,119,113.3529411764706,158.20641234653868,1.9269682640327077,-8.647058823529411,25,213.8,-201.56,,,,,,
Shunyi,Seasonal week,2160,24,119,110.33613445378151,151.87998357836594,1.875683394376859,10.6890756302521,31,174.16129032258064,-115.0,,,,,,
Tiantan,Chronos-2,24,1,143,10.970092363290853,18.394663530581717,0.21616098756732563,0.4105558962255091,29,16.04564745672818,-1.5087390768116917,4.165428905776053,0.7972027972027972,47.73009690371427,6.105759201926747,0.9310344827586207,84.78059729214372
Tiantan,Chronos-2,24,6,143,44.21192173857789,69.57941574223673,0.8711770465343095,-4.623927369817987,34,65.89824396021226,-49.81600716534783,15.49380723413054,0.6643356643356644,107.91392974920205,21.208143417507994,0.7352941176470589,182.72859506046072
Tiantan,Chronos-2,24,24,143,81.16703862076872,111.25832405084128,1.5993618508529461,1.8373478676055695,37,116.82398265116923,-69.97125718400285,28.140433138289378,0.5104895104895105,165.87113579503307,40.92214363115329,0.5135135135135135,251.87397480010986
Tiantan,Chronos-2,72,1,143,12.494950888040183,20.47879948296838,0.24620767393008208,0.7996819636204859,29,17.50050774936018,0.3192796378300108,4.343616422906622,0.8041958041958042,40.67359936320698,6.209895061624462,0.896551724137931,73.59383892190867
Tiantan,Chronos-2,72,6,143,43.52368782283543,68.52171270366442,0.8576156909889321,-5.82243239796245,34,67.94535244212432,-47.91813614789177,14.791608060601154,0.6433566433566433,105.74259852696132,22.30878031861549,0.5882352941176471,187.11917720121497
Tiantan,Chronos-2,72,24,143,83.109821439623,113.57190528702193,1.6376435570451071,-6.743454099535109,37,128.82603258699984,-92.28484127972577,26.012866013755882,0.5734265734265734,178.89720817379185,39.47874200666273,0.5945945945945946,250.5654935579042
Tiantan,Chronos-2,168,1,143,11.852947875336334,18.175209311102854,0.2335572785959783,1.776836315235058,29,16.898595349542028,-0.16452868231411638,4.107077639475292,0.7552447552447552,39.432417756194,6.209278825781811,0.896551724137931,81.3361219208816
Tiantan,Chronos-2,168,6,143,44.83626927862634,71.22368401612914,0.8834795483157639,-14.81557766707627,34,89.83240834404441,-79.44918385673972,14.058687016680524,0.6853146853146853,109.51279596848921,27.10299634372487,0.6470588235294118,210.17247211231904
Tiantan,Chronos-2,168,24,143,67.86625011150653,98.36095142266528,1.337275490558732,-25.419270588801457,37,135.3290146492623,-121.507303289465,21.18509153663973,0.6713286713286714,158.43887049001412,42.85735815237234,0.5405405405405406,231.94944979693437
Tiantan,Chronos-2,720,1,143,11.285223207273683,17.964114306984317,0.22237050633821578,1.2919904268704927,29,17.911334333748652,-1.1612070017847522,3.969174813668489,0.7342657342657343,37.05615769232903,6.388634482197379,0.8620689655172413,72.53728037867053
Tiantan,Chronos-2,720,6,143,39.20466812507256,63.878271231321676,0.7725112513658651,-14.308165796986827,34,80.07912377750172,-70.51423891852883,12.603656449573577,0.6993006993006993,104.21258935728274,25.628377585317576,0.5294117647058824,190.06182188146255
Tiantan,Chronos-2,720,24,143,61.66949879039418,89.2241293862385,1.215171150784609,-14.52228242033845,37,110.477229350322,-96.50020743705132,18.9646756018792,0.6503496503496503,158.80479561865747,33.891140264219,0.5135135135135135,226.96427334965887
Tiantan,Chronos-2,2160,1,143,10.894772989766581,17.558016229333646,0.21467685146119397,1.7041253843507567,29,15.56628470585264,-1.8400379049366917,3.943668530426381,0.7342657342657343,35.06798818895033,5.776290490161414,0.8620689655172413,61.98531157394935
Tiantan,Chronos-2,2160,6,143,40.06625111453183,65.43277832447795,0.7894883764168756,-10.101795209871305,34,75.95280299467198,-65.44641225478229,13.475617717307207,0.6923076923076923,106.1492828422493,25.357749048868822,0.5294117647058824,181.91941115435432
Tiantan,Chronos-2,2160,24,143,67.77187727548025,92.30203815718843,1.3354159141067383,-14.311472872754077,37,120.33710696246173,-107.7484715435956,20.443158873088986,0.6573426573426573,170.49219727682902,36.36407656282992,0.4864864864864865,229.40215085003828
Tiantan,LightGBM calendar,0,1,143,74.52362459081716,102.45824457940003,1.4684562130537249,-12.651408869862358,29,171.94351521445515,-171.94351521445515,,,,,,
Tiantan,LightGBM calendar,0,6,143,82.54622524077783,115.97484466387466,1.6265381345110883,-17.61332908628364,34,183.33000910297804,-183.33000910297804,,,,,,
Tiantan,LightGBM calendar,0,24,143,74.99447122349561,95.67509794996187,1.4777340449754597,-10.536262237246897,37,138.56943757841697,-138.56943757841697,,,,,,
Tiantan,LightGBM global,24,1,143,12.42256487739988,20.40564633628839,0.2447813384875086,1.746352214500667,29,22.03986065076474,-1.7243257241929812,,,,,,
Tiantan,LightGBM global,24,6,143,38.99314150143489,67.32090595822459,0.7683432095346673,-9.53987898605551,34,77.07901973420311,-70.63864846648272,,,,,,
Tiantan,LightGBM global,24,24,143,65.19602002011784,87.7543013858973,1.2846597463633553,-2.652229713737284,37,101.16784900114347,-98.71691318934857,,,,,,
Tiantan,LightGBM global,72,1,143,12.42256487739988,20.40564633628839,0.2447813384875086,1.746352214500667,29,22.03986065076474,-1.7243257241929812,,,,,,
Tiantan,LightGBM global,72,6,143,38.99314150143489,67.32090595822459,0.7683432095346673,-9.53987898605551,34,77.07901973420311,-70.63864846648272,,,,,,
Tiantan,LightGBM global,72,24,143,65.19602002011784,87.7543013858973,1.2846597463633553,-2.652229713737284,37,101.16784900114347,-98.71691318934857,,,,,,
Tiantan,LightGBM global,168,1,143,12.42256487739988,20.40564633628839,0.2447813384875086,1.746352214500667,29,22.03986065076474,-1.7243257241929812,,,,,,
Tiantan,LightGBM global,168,6,143,38.99314150143489,67.32090595822459,0.7683432095346673,-9.53987898605551,34,77.07901973420311,-70.63864846648272,,,,,,
Tiantan,LightGBM global,168,24,143,65.19602002011784,87.7543013858973,1.2846597463633553,-2.652229713737284,37,101.16784900114347,-98.71691318934857,,,,,,
Tiantan,LightGBM global,720,1,143,12.42256487739988,20.40564633628839,0.2447813384875086,1.746352214500667,29,22.03986065076474,-1.7243257241929812,,,,,,
Tiantan,LightGBM global,720,6,143,38.99314150143489,67.32090595822459,0.7683432095346673,-9.53987898605551,34,77.07901973420311,-70.63864846648272,,,,,,
Tiantan,LightGBM global,720,24,143,65.19602002011784,87.7543013858973,1.2846597463633553,-2.652229713737284,37,101.16784900114347,-98.71691318934857,,,,,,
Tiantan,LightGBM global,2160,1,143,12.42256487739988,20.40564633628839,0.2447813384875086,1.746352214500667,29,22.03986065076474,-1.7243257241929812,,,,,,
Tiantan,LightGBM global,2160,6,143,38.99314150143489,67.32090595822459,0.7683432095346673,-9.53987898605551,34,77.07901973420311,-70.63864846648272,,,,,,
Tiantan,LightGBM global,2160,24,143,65.19602002011784,87.7543013858973,1.2846597463633553,-2.652229713737284,37,101.16784900114347,-98.71691318934857,,,,,,
Tiantan,LightGBM global+local,24,1,143,12.42256487739988,20.40564633628839,0.2447813384875086,1.746352214500667,29,22.03986065076474,-1.7243257241929812,,,,,,
Tiantan,LightGBM global+local,24,6,143,38.99314150143489,67.32090595822459,0.7683432095346673,-9.53987898605551,34,77.07901973420311,-70.63864846648272,,,,,,
Tiantan,LightGBM global+local,24,24,143,65.19602002011784,87.7543013858973,1.2846597463633553,-2.652229713737284,37,101.16784900114347,-98.71691318934857,,,,,,
Tiantan,LightGBM global+local,72,1,143,12.265067734997176,19.855116013582975,0.24167792452221473,2.011338989227025,29,21.59131927421761,-0.7820500901373925,,,,,,
Tiantan,LightGBM global+local,72,6,143,38.55908496569417,66.46347039551623,0.7597903107696818,-13.009228324486426,34,79.93758781067243,-76.03545403779286,,,,,,
Tiantan,LightGBM global+local,72,24,143,64.57957328304258,86.23948600888235,1.2725129265321253,-3.23770091565664,37,101.0813750316341,-97.29297645638121,,,,,,
Tiantan,LightGBM global+local,168,1,143,12.158196021947855,20.06703542702477,0.2395720630334768,1.5015691546827834,29,21.785514114857282,-2.2756311362449755,,,,,,
Tiantan,LightGBM global+local,168,6,143,38.81098495607935,66.38395485100004,0.7647538925597557,-11.701492050232352,34,80.40403363739628,-73.75636800557399,,,,,,
Tiantan,LightGBM global+local,168,24,143,65.4587898476493,86.68468013182226,1.2898375136547382,-4.060762717031787,37,103.33859586533386,-100.56680966664001,,,,,,
Tiantan,LightGBM global+local,720,1,143,12.568170158432139,21.562326402245304,0.24765042840039514,1.7339863665350874,29,23.243263231696265,-0.6419380180600162,,,,,,
Tiantan,LightGBM global+local,720,6,143,38.90990202357342,69.1747116569493,0.7667030111531722,-11.645976421274346,34,81.69612778723872,-74.89930646617645,,,,,,
Tiantan,LightGBM global+local,720,24,143,63.50499766469257,84.91815640223813,1.251338872642152,-2.9538904469483445,37,97.8944441773341,-94.41837645578148,,,,,,
Tiantan,LightGBM global+local,2160,1,143,12.685518238767077,21.3410223736051,0.2499627222347855,2.035032578063909,29,23.78813852857195,0.23046159765492438,,,,,,
Tiantan,LightGBM global+local,2160,6,143,38.53497029337569,67.1699399109464,0.7593151414447027,-10.835814800795417,34,78.65010444346602,-72.82269371836566,,,,,,
Tiantan,LightGBM global+local,2160,24,143,64.70633250033669,87.12550949950959,1.2750106628032658,-3.7000149805554536,37,102.23801605104462,-98.96044276663028,,,,,,
Tiantan,Persistence,24,1,143,12.286713286713287,20.171814442486276,0.24210444087963867,0.24475524475524477,29,19.551724137931036,-7.9655172413793105,,,,,,
Tiantan,Persistence,24,6,143,40.81118881118881,64.28259288681305,0.8041670557618503,-6.8671328671328675,34,66.79411764705883,-46.14705882352941,,,,,,
Tiantan,Persistence,24,24,143,79.1048951048951,109.35929107969997,1.5587281930736891,0.951048951048951,37,109.13513513513513,-69.4054054054054,,,,,,
Tiantan,Persistence,72,1,143,12.286713286713287,20.171814442486276,0.24210444087963867,0.24475524475524477,29,19.551724137931036,-7.9655172413793105,,,,,,
Tiantan,Persistence,72,6,143,40.81118881118881,64.28259288681305,0.8041670557618503,-6.8671328671328675,34,66.79411764705883,-46.14705882352941,,,,,,
Tiantan,Persistence,72,24,143,79.1048951048951,109.35929107969997,1.5587281930736891,0.951048951048951,37,109.13513513513513,-69.4054054054054,,,,,,
Tiantan,Persistence,168,1,143,12.286713286713287,20.171814442486276,0.24210444087963867,0.24475524475524477,29,19.551724137931036,-7.9655172413793105,,,,,,
Tiantan,Persistence,168,6,143,40.81118881118881,64.28259288681305,0.8041670557618503,-6.8671328671328675,34,66.79411764705883,-46.14705882352941,,,,,,
Tiantan,Persistence,168,24,143,79.1048951048951,109.35929107969997,1.5587281930736891,0.951048951048951,37,109.13513513513513,-69.4054054054054,,,,,,
Tiantan,Persistence,720,1,143,12.286713286713287,20.171814442486276,0.24210444087963867,0.24475524475524477,29,19.551724137931036,-7.9655172413793105,,,,,,
Tiantan,Persistence,720,6,143,40.81118881118881,64.28259288681305,0.8041670557618503,-6.8671328671328675,34,66.79411764705883,-46.14705882352941,,,,,,
Tiantan,Persistence,720,24,143,79.1048951048951,109.35929107969997,1.5587281930736891,0.951048951048951,37,109.13513513513513,-69.4054054054054,,,,,,
Tiantan,Persistence,2160,1,143,12.286713286713287,20.171814442486276,0.24210444087963867,0.24475524475524477,29,19.551724137931036,-7.9655172413793105,,,,,,
Tiantan,Persistence,2160,6,143,40.81118881118881,64.28259288681305,0.8041670557618503,-6.8671328671328675,34,66.79411764705883,-46.14705882352941,,,,,,
Tiantan,Persistence,2160,24,143,79.1048951048951,109.35929107969997,1.5587281930736891,0.951048951048951,37,109.13513513513513,-69.4054054054054,,,,,,
Tiantan,Seasonal day,24,1,143,78.41958041958041,111.52132976703153,1.545224359717853,2.699300699300699,29,115.65517241379311,-72.34482758620689,,,,,,
Tiantan,Seasonal day,24,6,143,80.55944055944056,120.02115198196076,1.5873893904003629,-2.237762237762238,34,113.88235294117646,-90.76470588235294,,,,,,
Tiantan,Seasonal day,24,24,143,79.1048951048951,109.35929107969997,1.5587281930736891,0.951048951048951,37,109.13513513513513,-69.4054054054054,,,,,,
Tiantan,Seasonal day,72,1,143,78.41958041958041,111.52132976703153,1.545224359717853,2.699300699300699,29,115.65517241379311,-72.34482758620689,,,,,,
Tiantan,Seasonal day,72,6,143,80.55944055944056,120.02115198196076,1.5873893904003629,-2.237762237762238,34,113.88235294117646,-90.76470588235294,,,,,,
Tiantan,Seasonal day,72,24,143,79.1048951048951,109.35929107969997,1.5587281930736891,0.951048951048951,37,109.13513513513513,-69.4054054054054,,,,,,
Tiantan,Seasonal day,168,1,143,78.41958041958041,111.52132976703153,1.545224359717853,2.699300699300699,29,115.65517241379311,-72.34482758620689,,,,,,
Tiantan,Seasonal day,168,6,143,80.55944055944056,120.02115198196076,1.5873893904003629,-2.237762237762238,34,113.88235294117646,-90.76470588235294,,,,,,
Tiantan,Seasonal day,168,24,143,79.1048951048951,109.35929107969997,1.5587281930736891,0.951048951048951,37,109.13513513513513,-69.4054054054054,,,,,,
Tiantan,Seasonal day,720,1,143,78.41958041958041,111.52132976703153,1.545224359717853,2.699300699300699,29,115.65517241379311,-72.34482758620689,,,,,,
Tiantan,Seasonal day,720,6,143,80.55944055944056,120.02115198196076,1.5873893904003629,-2.237762237762238,34,113.88235294117646,-90.76470588235294,,,,,,
Tiantan,Seasonal day,720,24,143,79.1048951048951,109.35929107969997,1.5587281930736891,0.951048951048951,37,109.13513513513513,-69.4054054054054,,,,,,
Tiantan,Seasonal day,2160,1,143,78.41958041958041,111.52132976703153,1.545224359717853,2.699300699300699,29,115.65517241379311,-72.34482758620689,,,,,,
Tiantan,Seasonal day,2160,6,143,80.55944055944056,120.02115198196076,1.5873893904003629,-2.237762237762238,34,113.88235294117646,-90.76470588235294,,,,,,
Tiantan,Seasonal day,2160,24,143,79.1048951048951,109.35929107969997,1.5587281930736891,0.951048951048951,37,109.13513513513513,-69.4054054054054,,,,,,
Tiantan,Seasonal week,168,1,143,106.11888111888112,143.58635714454894,2.0910272568858943,-0.2727272727272727,29,189.24137931034483,-168.3448275862069,,,,,,
Tiantan,Seasonal week,168,6,143,104.00699300699301,146.82078414632807,2.049413403075052,-2.3146853146853146,34,179.14705882352942,-153.26470588235293,,,,,,
Tiantan,Seasonal week,168,24,143,109.39160839160839,150.5350132354271,2.1555149508709084,11.937062937062937,37,167.3783783783784,-136.02702702702703,,,,,,
Tiantan,Seasonal week,720,1,143,106.11888111888112,143.58635714454894,2.0910272568858943,-0.2727272727272727,29,189.24137931034483,-168.3448275862069,,,,,,
Tiantan,Seasonal week,720,6,143,104.00699300699301,146.82078414632807,2.049413403075052,-2.3146853146853146,34,179.14705882352942,-153.26470588235293,,,,,,
Tiantan,Seasonal week,720,24,143,109.39160839160839,150.5350132354271,2.1555149508709084,11.937062937062937,37,167.3783783783784,-136.02702702702703,,,,,,
Tiantan,Seasonal week,2160,1,143,106.11888111888112,143.58635714454894,2.0910272568858943,-0.2727272727272727,29,189.24137931034483,-168.3448275862069,,,,,,
Tiantan,Seasonal week,2160,6,143,104.00699300699301,146.82078414632807,2.049413403075052,-2.3146853146853146,34,179.14705882352942,-153.26470588235293,,,,,,
Tiantan,Seasonal week,2160,24,143,109.39160839160839,150.5350132354271,2.1555149508709084,11.937062937062937,37,167.3783783783784,-136.02702702702703,,,,,,
Wanliu,Chronos-2,24,1,147,12.35934437862059,27.218383371888752,0.23452772082342038,-0.19857637574072598,30,28.9916508992513,-1.8841130574544271,4.131934199095313,0.8163265306122449,46.55787478174482,9.56496359931098,0.7666666666666667,101.08851318359375
Wanliu,Chronos-2,24,6,147,45.16544456708999,72.04001316204402,0.8570477890897938,1.1267531858820494,30,77.22573598225911,-28.517897033691405,16.449957629017817,0.6394557823129252,116.05598991744372,28.39101155175103,0.6666666666666666,253.29050432840984
Wanliu,Chronos-2,24,24,147,80.73927307777664,146.2310002008763,1.5320875538208831,14.573941827631321,26,146.74067702660193,-34.6648607987624,31.991411013722143,0.5238095238095238,282.0645727527385,68.5465092402238,0.5,971.6189732551575
Wanliu,Chronos-2,72,1,147,10.217915736088136,19.08881665251637,0.19389252501903093,0.8434886153863401,30,21.70705362955729,-2.9829142252604166,3.5931545437058086,0.8027210884353742,37.415673191044604,7.695110388861762,0.8333333333333334,75.36197865804037
Wanliu,Chronos-2,72,6,147,37.90795203617641,59.271745305926835,0.7193314887727275,-0.054329898081669194,30,64.37748336791992,-24.904014333089194,13.258402444662151,0.6938775510204082,96.46845116258478,21.71095662434896,0.7,180.30549392700195
Wanliu,Chronos-2,72,24,147,72.63722156667384,103.64490946634432,1.3783451208339188,5.123191311245873,26,119.77811314509465,-90.2628426185021,24.303333843538276,0.5782312925170068,175.3107863186168,41.7931130189162,0.5769230769230769,255.97550597557654
Wanliu,Chronos-2,168,1,147,10.60646425947851,20.269985225309348,0.2012655212580289,1.1112385736841734,30,22.65849405924479,-1.797156778971354,3.747835197902861,0.7619047619047619,36.455273440095034,8.462951643202038,0.7666666666666667,75.85240122477214
Wanliu,Chronos-2,168,6,147,39.63224601096847,63.59926516334274,0.752051245059887,-7.281830787658691,30,76.75563990275064,-53.25824203491211,12.804697884886172,0.7006802721088435,99.0197387812089,23.506544965108237,0.7666666666666667,202.57735964457194
Wanliu,Chronos-2,168,24,147,63.55890501113165,97.59896281513583,1.206077334982121,-22.359201509125377,26,145.84458754612848,-132.7356057533851,21.035427172870595,0.6598639455782312,146.8548825127738,51.88009794186324,0.46153846153846156,220.24141539060153
Wanliu,Chronos-2,720,1,147,10.200149211753793,17.610350004357766,0.19355539205053018,1.2647042955671037,30,20.693802897135416,-1.1048136393229167,3.534452105757871,0.7755102040816326,36.01499292801837,7.398507724338107,0.8333333333333334,78.62975667317708
Wanliu,Chronos-2,720,6,147,36.08172909743121,56.978830550975616,0.6846775548407431,-5.364033484945492,30,71.45492223103841,-50.340946197509766,11.59409708641554,0.7006802721088435,100.22721215332446,22.96814962175157,0.7333333333333333,205.76384518941242
Wanliu,Chronos-2,720,24,147,55.68942880954872,81.4043388447336,1.0567481908873937,-12.112619983906649,26,119.97973735515887,-117.00670785170335,16.775819102004,0.7006802721088435,154.7085844545948,35.93943676092686,0.5,226.45341418339655
Wanliu,Chronos-2,2160,1,147,10.107126404639004,17.39880174455124,0.1917902153333116,0.9140840387668739,30,21.408934020996092,-3.460774230957031,3.5086500115946038,0.8027210884353742,33.574255326978204,7.3329972076416,0.8333333333333334,66.30177281697591
Wanliu,Chronos-2,2160,6,147,35.891941537662426,59.24373152197185,0.6810761952160201,-3.6098423393405215,30,68.15226262410482,-45.53951848347982,12.046385203683727,0.7346938775510204,100.60160016689171,22.83218819512261,0.8,195.21869125366212
Wanliu,Chronos-2,2160,24,147,56.580744230828316,78.38087419924338,1.0736615616847205,-9.925791928557311,26,116.94510459899902,-116.47670907240648,17.38741484228986,0.6598639455782312,164.35096853606555,37.05802369729068,0.4230769230769231,230.22412886986365
Wanliu,LightGBM calendar,0,1,147,74.96990987714922,102.46225542881767,1.422609610606821,-11.840580390921067,30,169.4858983916349,-169.4858983916349,,,,,,
Wanliu,LightGBM calendar,0,6,147,75.22461554228938,104.68732512077116,1.4274428394008554,-9.100887140621301,30,175.97473782113147,-175.97473782113147,,,,,,
Wanliu,LightGBM calendar,0,24,147,68.70688428142581,89.96875935861739,1.3037640575235518,-3.5488291238611764,26,155.37755884561076,-155.37755884561076,,,,,,
Wanliu,LightGBM global,24,1,147,10.740801625063863,19.714579824470817,0.20381467234622536,0.5609356929194456,30,26.45676658053764,-2.0295284002101983,,,,,,
Wanliu,LightGBM global,24,6,147,35.766472585110755,60.09072426043116,0.6786953288387594,-4.29892645674235,30,73.65829010569034,-59.069645162834234,,,,,,
Wanliu,LightGBM global,24,24,147,62.45544869635702,83.70106702586419,1.1851384334834323,1.2653527493323877,26,129.05355196902548,-124.74581208608032,,,,,,
Wanliu,LightGBM global,72,1,147,10.740801625063863,19.714579824470817,0.20381467234622536,0.5609356929194456,30,26.45676658053764,-2.0295284002101983,,,,,,
Wanliu,LightGBM global,72,6,147,35.766472585110755,60.09072426043116,0.6786953288387594,-4.29892645674235,30,73.65829010569034,-59.069645162834234,,,,,,
Wanliu,LightGBM global,72,24,147,62.45544869635702,83.70106702586419,1.1851384334834323,1.2653527493323877,26,129.05355196902548,-124.74581208608032,,,,,,
Wanliu,LightGBM global,168,1,147,10.740801625063863,19.714579824470817,0.20381467234622536,0.5609356929194456,30,26.45676658053764,-2.0295284002101983,,,,,,
Wanliu,LightGBM global,168,6,147,35.766472585110755,60.09072426043116,0.6786953288387594,-4.29892645674235,30,73.65829010569034,-59.069645162834234,,,,,,
Wanliu,LightGBM global,168,24,147,62.45544869635702,83.70106702586419,1.1851384334834323,1.2653527493323877,26,129.05355196902548,-124.74581208608032,,,,,,
Wanliu,LightGBM global,720,1,147,10.740801625063863,19.714579824470817,0.20381467234622536,0.5609356929194456,30,26.45676658053764,-2.0295284002101983,,,,,,
Wanliu,LightGBM global,720,6,147,35.766472585110755,60.09072426043116,0.6786953288387594,-4.29892645674235,30,73.65829010569034,-59.069645162834234,,,,,,
Wanliu,LightGBM global,720,24,147,62.45544869635702,83.70106702586419,1.1851384334834323,1.2653527493323877,26,129.05355196902548,-124.74581208608032,,,,,,
Wanliu,LightGBM global,2160,1,147,10.740801625063863,19.714579824470817,0.20381467234622536,0.5609356929194456,30,26.45676658053764,-2.0295284002101983,,,,,,
Wanliu,LightGBM global,2160,6,147,35.766472585110755,60.09072426043116,0.6786953288387594,-4.29892645674235,30,73.65829010569034,-59.069645162834234,,,,,,
Wanliu,LightGBM global,2160,24,147,62.45544869635702,83.70106702586419,1.1851384334834323,1.2653527493323877,26,129.05355196902548,-124.74581208608032,,,,,,
Wanliu,LightGBM global+local,24,1,147,10.740801625063863,19.714579824470817,0.20381467234622536,0.5609356929194456,30,26.45676658053764,-2.0295284002101983,,,,,,
Wanliu,LightGBM global+local,24,6,147,35.766472585110755,60.09072426043116,0.6786953288387594,-4.29892645674235,30,73.65829010569034,-59.069645162834234,,,,,,
Wanliu,LightGBM global+local,24,24,147,62.45544869635702,83.70106702586419,1.1851384334834323,1.2653527493323877,26,129.05355196902548,-124.74581208608032,,,,,,
Wanliu,LightGBM global+local,72,1,147,10.955106554380617,21.584429564588824,0.20788126723137346,0.48939063257150395,30,27.351184261241762,-3.0167283500057094,,,,,,
Wanliu,LightGBM global+local,72,6,147,36.22211595572826,61.71224754057244,0.6873414995372694,-4.4544825474163945,30,76.49351730899369,-61.135506916095714,,,,,,
Wanliu,LightGBM global+local,72,24,147,62.34957784901277,83.3220233067915,1.1831294556793797,1.5751402928764717,26,126.8618877988884,-120.37241841097608,,,,,,
Wanliu,LightGBM global+local,168,1,147,10.69722582630874,20.19023023929656,0.20298778926472646,0.3325842052089084,30,26.441662503791107,-2.3486285651274312,,,,,,
Wanliu,LightGBM global+local,168,6,147,36.971926440841244,62.943869901845495,0.7015697092817316,-6.949425670099796,30,79.99231602190575,-66.91830520692679,,,,,,
Wanliu,LightGBM global+local,168,24,147,61.87431065135178,82.75375734366335,1.1741109083167562,0.8729357113318329,26,125.47936482943977,-119.95302860796126,,,,,,
Wanliu,LightGBM global+local,720,1,147,10.353321275665902,18.854757745036473,0.19646194550050664,0.05116215616176928,30,25.09636736368566,-3.9618515556314975,,,,,,
Wanliu,LightGBM global+local,720,6,147,35.83319335045023,62.173630315330634,0.6799614048171689,-6.25961644789738,30,76.96381840762585,-62.67195277096294,,,,,,
Wanliu,LightGBM global+local,720,24,147,62.438610117147604,83.05461700146066,1.1848189089615075,1.34522702913875,26,125.29276217108762,-119.07463611757915,,,,,,
Wanliu,LightGBM global+local,2160,1,147,10.392174084973044,19.554347678367986,0.1971992063563618,-0.09287316653300924,30,25.387662303081285,-4.6160746556470516,,,,,,
Wanliu,LightGBM global+local,2160,6,147,36.08923031601405,61.31395674610406,0.6848198960235552,-5.957257061814378,30,77.54175256522485,-61.395891257235945,,,,,,
Wanliu,LightGBM global+local,2160,24,147,61.52701539182113,82.38012894252041,1.1675207233380613,-0.3065691988033644,26,125.75745068302237,-122.5651030209556,,,,,,
Wanliu,Persistence,24,1,147,10.387755102040817,18.72809377909667,0.19711535287969634,-2.63265306122449,30,23.5,-11.5,,,,,,
Wanliu,Persistence,24,6,147,36.156462585034014,59.740538772169735,0.6860956781634486,-2.1156462585034013,30,61.9,-24.566666666666666,,,,,,
Wanliu,Persistence,24,24,147,71.02721088435374,101.75323625534165,1.3477939747327503,4.64625850340136,26,101.84615384615384,-81.92307692307692,,,,,,
Wanliu,Persistence,72,1,147,10.387755102040817,18.72809377909667,0.19711535287969634,-2.63265306122449,30,23.5,-11.5,,,,,,
Wanliu,Persistence,72,6,147,36.156462585034014,59.740538772169735,0.6860956781634486,-2.1156462585034013,30,61.9,-24.566666666666666,,,,,,
Wanliu,Persistence,72,24,147,71.02721088435374,101.75323625534165,1.3477939747327503,4.64625850340136,26,101.84615384615384,-81.92307692307692,,,,,,
Wanliu,Persistence,168,1,147,10.387755102040817,18.72809377909667,0.19711535287969634,-2.63265306122449,30,23.5,-11.5,,,,,,
Wanliu,Persistence,168,6,147,36.156462585034014,59.740538772169735,0.6860956781634486,-2.1156462585034013,30,61.9,-24.566666666666666,,,,,,
Wanliu,Persistence,168,24,147,71.02721088435374,101.75323625534165,1.3477939747327503,4.64625850340136,26,101.84615384615384,-81.92307692307692,,,,,,
Wanliu,Persistence,720,1,147,10.387755102040817,18.72809377909667,0.19711535287969634,-2.63265306122449,30,23.5,-11.5,,,,,,
Wanliu,Persistence,720,6,147,36.156462585034014,59.740538772169735,0.6860956781634486,-2.1156462585034013,30,61.9,-24.566666666666666,,,,,,
Wanliu,Persistence,720,24,147,71.02721088435374,101.75323625534165,1.3477939747327503,4.64625850340136,26,101.84615384615384,-81.92307692307692,,,,,,
Wanliu,Persistence,2160,1,147,10.387755102040817,18.72809377909667,0.19711535287969634,-2.63265306122449,30,23.5,-11.5,,,,,,
Wanliu,Persistence,2160,6,147,36.156462585034014,59.740538772169735,0.6860956781634486,-2.1156462585034013,30,61.9,-24.566666666666666,,,,,,
Wanliu,Persistence,2160,24,147,71.02721088435374,101.75323625534165,1.3477939747327503,4.64625850340136,26,101.84615384615384,-81.92307692307692,,,,,,
Wanliu,Seasonal day,24,1,147,76.48979591836735,108.13640919319116,1.4514505748391002,5.0476190476190474,30,121.53333333333333,-48.93333333333333,,,,,,
Wanliu,Seasonal day,24,6,147,80.53061224489795,122.64433396232059,1.5281280598492768,-1.9863945578231292,30,122.96666666666667,-103.03333333333333,,,,,,
Wanliu,Seasonal day,24,24,147,71.02721088435374,101.75323625534165,1.3477939747327503,4.64625850340136,26,101.84615384615384,-81.92307692307692,,,,,,
Wanliu,Seasonal day,72,1,147,76.48979591836735,108.13640919319116,1.4514505748391002,5.0476190476190474,30,121.53333333333333,-48.93333333333333,,,,,,
Wanliu,Seasonal day,72,6,147,80.53061224489795,122.64433396232059,1.5281280598492768,-1.9863945578231292,30,122.96666666666667,-103.03333333333333,,,,,,
Wanliu,Seasonal day,72,24,147,71.02721088435374,101.75323625534165,1.3477939747327503,4.64625850340136,26,101.84615384615384,-81.92307692307692,,,,,,
Wanliu,Seasonal day,168,1,147,76.48979591836735,108.13640919319116,1.4514505748391002,5.0476190476190474,30,121.53333333333333,-48.93333333333333,,,,,,
Wanliu,Seasonal day,168,6,147,80.53061224489795,122.64433396232059,1.5281280598492768,-1.9863945578231292,30,122.96666666666667,-103.03333333333333,,,,,,
Wanliu,Seasonal day,168,24,147,71.02721088435374,101.75323625534165,1.3477939747327503,4.64625850340136,26,101.84615384615384,-81.92307692307692,,,,,,
Wanliu,Seasonal day,720,1,147,76.48979591836735,108.13640919319116,1.4514505748391002,5.0476190476190474,30,121.53333333333333,-48.93333333333333,,,,,,
Wanliu,Seasonal day,720,6,147,80.53061224489795,122.64433396232059,1.5281280598492768,-1.9863945578231292,30,122.96666666666667,-103.03333333333333,,,,,,
Wanliu,Seasonal day,720,24,147,71.02721088435374,101.75323625534165,1.3477939747327503,4.64625850340136,26,101.84615384615384,-81.92307692307692,,,,,,
Wanliu,Seasonal day,2160,1,147,76.48979591836735,108.13640919319116,1.4514505748391002,5.0476190476190474,30,121.53333333333333,-48.93333333333333,,,,,,
Wanliu,Seasonal day,2160,6,147,80.53061224489795,122.64433396232059,1.5281280598492768,-1.9863945578231292,30,122.96666666666667,-103.03333333333333,,,,,,
Wanliu,Seasonal day,2160,24,147,71.02721088435374,101.75323625534165,1.3477939747327503,4.64625850340136,26,101.84615384615384,-81.92307692307692,,,,,,
Wanliu,Seasonal week,168,1,147,99.72789115646259,138.12421699227073,1.892410656985166,-5.319727891156463,30,192.5,-169.16666666666666,,,,,,
Wanliu,Seasonal week,168,6,147,92.40136054421768,134.19624679200692,1.7533843079010576,-6.755102040816326,30,179.66666666666666,-170.53333333333333,,,,,,
Wanliu,Seasonal week,168,24,147,98.41496598639456,132.87345010007303,1.8674969286906136,3.3945578231292517,26,188.30769230769232,-159.46153846153845,,,,,,
Wanliu,Seasonal week,720,1,147,99.72789115646259,138.12421699227073,1.892410656985166,-5.319727891156463,30,192.5,-169.16666666666666,,,,,,
Wanliu,Seasonal week,720,6,147,92.40136054421768,134.19624679200692,1.7533843079010576,-6.755102040816326,30,179.66666666666666,-170.53333333333333,,,,,,
Wanliu,Seasonal week,720,24,147,98.41496598639456,132.87345010007303,1.8674969286906136,3.3945578231292517,26,188.30769230769232,-159.46153846153845,,,,,,
Wanliu,Seasonal week,2160,1,147,99.72789115646259,138.12421699227073,1.892410656985166,-5.319727891156463,30,192.5,-169.16666666666666,,,,,,
Wanliu,Seasonal week,2160,6,147,92.40136054421768,134.19624679200692,1.7533843079010576,-6.755102040816326,30,179.66666666666666,-170.53333333333333,,,,,,
Wanliu,Seasonal week,2160,24,147,98.41496598639456,132.87345010007303,1.8674969286906136,3.3945578231292517,26,188.30769230769232,-159.46153846153845,,,,,,
Wanshouxigong,Chronos-2,24,1,145,14.02835629068572,24.208693618200297,0.25879307046370625,0.5936495567190236,35,20.476028442382812,-7.157888793945313,4.893325602542395,0.7931034482758621,49.06576815802475,6.751200437999906,0.8857142857142857,82.32513885498047
Wanshouxigong,Chronos-2,24,6,145,48.720844837714886,76.64148672998608,0.8987950384115693,0.7487075246613601,35,61.06390598842076,-28.94057399204799,17.144397173914413,0.6206896551724138,114.72157817380182,21.56275652840024,0.7142857142857143,194.7058443069458
Wanshouxigong,Chronos-2,24,24,145,89.7056813207166,131.0686045220556,1.6548773231858236,5.899838033215753,38,134.323690715589,-56.45928352757504,30.84305698257753,0.4413793103448276,184.4170206382357,44.843469696714166,0.5263157894736842,319.03675209848507
Wanshouxigong,Chronos-2,72,1,145,14.963364101278371,25.612576045245387,0.27604195815922916,1.2564639321688948,35,21.98215114048549,-6.532872227260045,5.1229568527484775,0.7379310344827587,43.70803600179738,7.383661586216519,0.8285714285714286,73.32317810058593
Wanshouxigong,Chronos-2,72,6,145,48.92317881748594,78.03562973427661,0.9025276661549106,-0.9518058448002256,35,72.28539188929966,-32.99150761195592,16.734898648097598,0.6413793103448275,114.92270781418372,24.515737762451174,0.7428571428571429,197.11449410574778
Wanshouxigong,Chronos-2,72,24,145,90.77894605439285,123.05862632263158,1.67467675443016,-3.836955524313039,38,138.78175665202895,-94.6707706451416,28.7263287528904,0.5586206896551724,197.39620490238585,42.88280725646437,0.631578947368421,292.6335573698345
Wanshouxigong,Chronos-2,168,1,145,14.655663003592656,24.9273753525125,0.27036553319502926,2.156871644381819,35,20.35952431815011,-5.1125063214983255,5.002679519434085,0.7379310344827587,41.12674510561187,6.782022646949405,0.8571428571428571,73.3463115147182
Wanshouxigong,Chronos-2,168,6,145,47.26998300223515,75.46480569315123,0.8720297509151496,-8.70920243098818,35,82.31880580357142,-57.792591203962054,15.470559750699449,0.6827586206896552,119.18648526421909,26.328124375116264,0.7428571428571429,214.93651341029576
Wanshouxigong,Chronos-2,168,24,145,72.98948062370563,103.58211931483811,1.3464992912036067,-28.47031474277891,38,140.0670636829577,-125.89382824144866,23.417692918887084,0.6689655172413793,176.86293835475527,45.7075512969703,0.6052631578947368,259.6180713051244
Wanshouxigong,Chronos-2,720,1,145,13.140468189634126,21.581896669960102,0.24241344029620795,1.6395377718169113,35,18.4063720703125,-3.9887119838169642,4.578973117696828,0.7517241379310344,39.40964832963615,6.377865636916388,0.8285714285714286,72.59673309326172
Wanshouxigong,Chronos-2,720,6,145,39.509958674989896,63.50099642543053,0.7288739541198936,-8.739630916200834,35,69.15050659179687,-50.01277727399554,12.878093331874101,0.6827586206896552,112.48831566120016,23.11665720985049,0.8,202.11093978881837
Wanshouxigong,Chronos-2,720,24,145,65.93299342188342,94.62515725817093,1.216322244669657,-16.111031657251818,38,116.16191271731728,-102.34583332664089,19.799552509264018,0.6896551724137931,171.91103295951055,35.10604094455117,0.6052631578947368,251.55795769942435
Wanshouxigong,Chronos-2,2160,1,145,13.130632755674165,22.172547409285013,0.2422319976452588,1.6689786187533675,35,18.186388288225448,-6.362371826171875,4.665436269825902,0.7793103448275862,37.20507828284954,6.195545036679222,0.8571428571428571,62.65538308279855
Wanshouxigong,Chronos-2,2160,6,145,43.376135740609,68.8602358547129,0.800196624647748,-5.083618203524885,35,73.43694043840681,-48.96319689069475,14.399715621772852,0.6896551724137931,115.07110394444959,24.403388962518605,0.7428571428571429,199.1826875959124
Wanshouxigong,Chronos-2,2160,24,145,69.81723539418188,95.95566364286844,1.2879781739607137,-14.566480031506769,38,118.98433715418766,-106.76505068728798,21.103009194998904,0.6137931034482759,184.0508491779196,36.747652006985845,0.5789473684210527,257.59262094999616
Wanshouxigong,LightGBM calendar,0,1,145,79.01026911027591,115.25763285409992,1.457569918921167,-23.626491280755797,35,181.79376251558472,-181.79376251558472,,,,,,
Wanshouxigong,LightGBM calendar,0,6,145,84.56254731121969,120.95741163225983,1.5599975372334414,-22.99249078193178,35,189.18966096388803,-189.18966096388803,,,,,,
Wanshouxigong,LightGBM calendar,0,24,145,79.06358146896197,107.16460037253998,1.4585534175372659,-20.23814821445071,38,159.7809119412339,-159.7809119412339,,,,,,
Wanshouxigong,LightGBM global,24,1,145,15.286895560713912,27.79761652238972,0.2820104193277354,0.07340407468897947,35,28.02738718598183,-10.65995717678467,,,,,,
Wanshouxigong,LightGBM global,24,6,145,43.17943782541252,73.40942704157514,0.796567970201517,-6.83789643764293,35,81.3732173163489,-60.24300546266708,,,,,,
Wanshouxigong,LightGBM global,24,24,145,68.84520110847858,92.72294637398518,1.2700462272535873,-7.257881751434324,38,111.30904471395496,-104.38673855621136,,,,,,
Wanshouxigong,LightGBM global,72,1,145,15.286895560713912,27.79761652238972,0.2820104193277354,0.07340407468897947,35,28.02738718598183,-10.65995717678467,,,,,,
Wanshouxigong,LightGBM global,72,6,145,43.17943782541252,73.40942704157514,0.796567970201517,-6.83789643764293,35,81.3732173163489,-60.24300546266708,,,,,,
Wanshouxigong,LightGBM global,72,24,145,68.84520110847858,92.72294637398518,1.2700462272535873,-7.257881751434324,38,111.30904471395496,-104.38673855621136,,,,,,
Wanshouxigong,LightGBM global,168,1,145,15.286895560713912,27.79761652238972,0.2820104193277354,0.07340407468897947,35,28.02738718598183,-10.65995717678467,,,,,,
Wanshouxigong,LightGBM global,168,6,145,43.17943782541252,73.40942704157514,0.796567970201517,-6.83789643764293,35,81.3732173163489,-60.24300546266708,,,,,,
Wanshouxigong,LightGBM global,168,24,145,68.84520110847858,92.72294637398518,1.2700462272535873,-7.257881751434324,38,111.30904471395496,-104.38673855621136,,,,,,
Wanshouxigong,LightGBM global,720,1,145,15.286895560713912,27.79761652238972,0.2820104193277354,0.07340407468897947,35,28.02738718598183,-10.65995717678467,,,,,,
Wanshouxigong,LightGBM global,720,6,145,43.17943782541252,73.40942704157514,0.796567970201517,-6.83789643764293,35,81.3732173163489,-60.24300546266708,,,,,,
Wanshouxigong,LightGBM global,720,24,145,68.84520110847858,92.72294637398518,1.2700462272535873,-7.257881751434324,38,111.30904471395496,-104.38673855621136,,,,,,
Wanshouxigong,LightGBM global,2160,1,145,15.286895560713912,27.79761652238972,0.2820104193277354,0.07340407468897947,35,28.02738718598183,-10.65995717678467,,,,,,
Wanshouxigong,LightGBM global,2160,6,145,43.17943782541252,73.40942704157514,0.796567970201517,-6.83789643764293,35,81.3732173163489,-60.24300546266708,,,,,,
Wanshouxigong,LightGBM global,2160,24,145,68.84520110847858,92.72294637398518,1.2700462272535873,-7.257881751434324,38,111.30904471395496,-104.38673855621136,,,,,,
Wanshouxigong,LightGBM global+local,24,1,145,15.286895560713912,27.79761652238972,0.2820104193277354,0.07340407468897947,35,28.02738718598183,-10.65995717678467,,,,,,
Wanshouxigong,LightGBM global+local,24,6,145,43.17943782541252,73.40942704157514,0.796567970201517,-6.83789643764293,35,81.3732173163489,-60.24300546266708,,,,,,
Wanshouxigong,LightGBM global+local,24,24,145,68.84520110847858,92.72294637398518,1.2700462272535873,-7.257881751434324,38,111.30904471395496,-104.38673855621136,,,,,,
Wanshouxigong,LightGBM global+local,72,1,145,15.388828303324564,28.34155315508643,0.28389085969397504,0.5518904687199119,35,28.338524630560382,-9.430485221059255,,,,,,
Wanshouxigong,LightGBM global+local,72,6,145,42.541155994564065,73.10298869412746,0.7847930400954046,-10.379186863947512,35,84.44444096788459,-62.79298380867067,,,,,,
Wanshouxigong,LightGBM global+local,72,24,145,68.96837285503368,93.86477099835514,1.2723184816663542,-8.924123223992197,38,113.35755428377836,-107.06443932484711,,,,,,
Wanshouxigong,LightGBM global+local,168,1,145,15.410971064768116,28.35889564039042,0.2842993461270098,0.933088019355992,35,27.727553298912152,-8.375504602854818,,,,,,
Wanshouxigong,LightGBM global+local,168,6,145,41.56649409870031,72.47110606358434,0.7668126196193412,-7.511987984926073,35,79.62615772220522,-54.88374666120588,,,,,,
Wanshouxigong,LightGBM global+local,168,24,145,68.49279533642901,94.47785681964858,1.2635450969780189,-8.059304663272789,38,112.52267124978695,-104.48574337031067,,,,,,
Wanshouxigong,LightGBM global+local,720,1,145,15.519923309069249,27.719696532598025,0.2863092812364654,0.5591476089244375,35,28.177924780908842,-9.834454910279248,,,,,,
Wanshouxigong,LightGBM global+local,720,6,145,42.226772119217785,74.3516529390456,0.7789933322237729,-6.982276789458646,35,81.99594027344041,-55.24576369532689,,,,,,
Wanshouxigong,LightGBM global+local,720,24,145,68.01563262285393,93.00391322483905,1.2547424688441098,-7.410247256249069,38,110.42986701521913,-102.74459122933132,,,,,,
Wanshouxigong,LightGBM global+local,2160,1,145,16.038020178345786,28.044557631972047,0.29586705670348373,0.6825013605241617,35,29.375993222723974,-9.949908162693543,,,,,,
Wanshouxigong,LightGBM global+local,2160,6,145,42.36181170384083,74.80173462501425,0.7814845227819956,-7.549035282780598,35,82.08991633363651,-58.30805364292969,,,,,,
Wanshouxigong,LightGBM global+local,2160,24,145,68.76505101674856,92.49286454695688,1.2685676300532491,-7.376676240113373,38,111.90149331445222,-102.97187974018838,,,,,,
Wanshouxigong,Persistence,24,1,145,14.806896551724138,25.605360430164243,0.2731554676297608,-0.36551724137931035,35,20.6,-13.228571428571428,,,,,,
Wanshouxigong,Persistence,24,6,145,45.08275862068965,70.8910285652175,0.8316801545858158,-1.896551724137931,35,69.31428571428572,-29.714285714285715,,,,,,
Wanshouxigong,Persistence,24,24,145,83.97241379310344,117.05118243890075,1.549110840176976,1.5862068965517242,38,112.28947368421052,-67.65789473684211,,,,,,
Wanshouxigong,Persistence,72,1,145,14.806896551724138,25.605360430164243,0.2731554676297608,-0.36551724137931035,35,20.6,-13.228571428571428,,,,,,
Wanshouxigong,Persistence,72,6,145,45.08275862068965,70.8910285652175,0.8316801545858158,-1.896551724137931,35,69.31428571428572,-29.714285714285715,,,,,,
Wanshouxigong,Persistence,72,24,145,83.97241379310344,117.05118243890075,1.549110840176976,1.5862068965517242,38,112.28947368421052,-67.65789473684211,,,,,,
Wanshouxigong,Persistence,168,1,145,14.806896551724138,25.605360430164243,0.2731554676297608,-0.36551724137931035,35,20.6,-13.228571428571428,,,,,,
Wanshouxigong,Persistence,168,6,145,45.08275862068965,70.8910285652175,0.8316801545858158,-1.896551724137931,35,69.31428571428572,-29.714285714285715,,,,,,
Wanshouxigong,Persistence,168,24,145,83.97241379310344,117.05118243890075,1.549110840176976,1.5862068965517242,38,112.28947368421052,-67.65789473684211,,,,,,
Wanshouxigong,Persistence,720,1,145,14.806896551724138,25.605360430164243,0.2731554676297608,-0.36551724137931035,35,20.6,-13.228571428571428,,,,,,
Wanshouxigong,Persistence,720,6,145,45.08275862068965,70.8910285652175,0.8316801545858158,-1.896551724137931,35,69.31428571428572,-29.714285714285715,,,,,,
Wanshouxigong,Persistence,720,24,145,83.97241379310344,117.05118243890075,1.549110840176976,1.5862068965517242,38,112.28947368421052,-67.65789473684211,,,,,,
Wanshouxigong,Persistence,2160,1,145,14.806896551724138,25.605360430164243,0.2731554676297608,-0.36551724137931035,35,20.6,-13.228571428571428,,,,,,
Wanshouxigong,Persistence,2160,6,145,45.08275862068965,70.8910285652175,0.8316801545858158,-1.896551724137931,35,69.31428571428572,-29.714285714285715,,,,,,
Wanshouxigong,Persistence,2160,24,145,83.97241379310344,117.05118243890075,1.549110840176976,1.5862068965517242,38,112.28947368421052,-67.65789473684211,,,,,,
Wanshouxigong,Seasonal day,24,1,145,85.26896551724138,129.19394669282678,1.5730294372493538,4.537931034482758,35,127.45714285714286,-70.25714285714285,,,,,,
Wanshouxigong,Seasonal day,24,6,145,84.91724137931034,134.20979459606232,1.5665408816605704,2.7379310344827585,35,115.71428571428571,-83.42857142857143,,,,,,
Wanshouxigong,Seasonal day,24,24,145,83.97241379310344,117.05118243890075,1.549110840176976,1.5862068965517242,38,112.28947368421052,-67.65789473684211,,,,,,
Wanshouxigong,Seasonal day,72,1,145,85.26896551724138,129.19394669282678,1.5730294372493538,4.537931034482758,35,127.45714285714286,-70.25714285714285,,,,,,
Wanshouxigong,Seasonal day,72,6,145,84.91724137931034,134.20979459606232,1.5665408816605704,2.7379310344827585,35,115.71428571428571,-83.42857142857143,,,,,,
Wanshouxigong,Seasonal day,72,24,145,83.97241379310344,117.05118243890075,1.549110840176976,1.5862068965517242,38,112.28947368421052,-67.65789473684211,,,,,,
Wanshouxigong,Seasonal day,168,1,145,85.26896551724138,129.19394669282678,1.5730294372493538,4.537931034482758,35,127.45714285714286,-70.25714285714285,,,,,,
Wanshouxigong,Seasonal day,168,6,145,84.91724137931034,134.20979459606232,1.5665408816605704,2.7379310344827585,35,115.71428571428571,-83.42857142857143,,,,,,
Wanshouxigong,Seasonal day,168,24,145,83.97241379310344,117.05118243890075,1.549110840176976,1.5862068965517242,38,112.28947368421052,-67.65789473684211,,,,,,
Wanshouxigong,Seasonal day,720,1,145,85.26896551724138,129.19394669282678,1.5730294372493538,4.537931034482758,35,127.45714285714286,-70.25714285714285,,,,,,
Wanshouxigong,Seasonal day,720,6,145,84.91724137931034,134.20979459606232,1.5665408816605704,2.7379310344827585,35,115.71428571428571,-83.42857142857143,,,,,,
Wanshouxigong,Seasonal day,720,24,145,83.97241379310344,117.05118243890075,1.549110840176976,1.5862068965517242,38,112.28947368421052,-67.65789473684211,,,,,,
Wanshouxigong,Seasonal day,2160,1,145,85.26896551724138,129.19394669282678,1.5730294372493538,4.537931034482758,35,127.45714285714286,-70.25714285714285,,,,,,
Wanshouxigong,Seasonal day,2160,6,145,84.91724137931034,134.20979459606232,1.5665408816605704,2.7379310344827585,35,115.71428571428571,-83.42857142857143,,,,,,
Wanshouxigong,Seasonal day,2160,24,145,83.97241379310344,117.05118243890075,1.549110840176976,1.5862068965517242,38,112.28947368421052,-67.65789473684211,,,,,,
Wanshouxigong,Seasonal week,168,1,145,113.46206896551725,157.624127332212,2.0931316969933977,-2.0413793103448277,35,202.82857142857142,-161.8,,,,,,
Wanshouxigong,Seasonal week,168,6,145,106.56551724137931,151.7196143526286,1.9659051168211759,-1.3793103448275863,35,176.28571428571428,-143.4857142857143,,,,,,
Wanshouxigong,Seasonal week,168,24,145,115.8,159.9436754308992,2.136261507671781,5.620689655172414,38,191.94736842105263,-142.0,,,,,,
Wanshouxigong,Seasonal week,720,1,145,113.46206896551725,157.624127332212,2.0931316969933977,-2.0413793103448277,35,202.82857142857142,-161.8,,,,,,
Wanshouxigong,Seasonal week,720,6,145,106.56551724137931,151.7196143526286,1.9659051168211759,-1.3793103448275863,35,176.28571428571428,-143.4857142857143,,,,,,
Wanshouxigong,Seasonal week,720,24,145,115.8,159.9436754308992,2.136261507671781,5.620689655172414,38,191.94736842105263,-142.0,,,,,,
Wanshouxigong,Seasonal week,2160,1,145,113.46206896551725,157.624127332212,2.0931316969933977,-2.0413793103448277,35,202.82857142857142,-161.8,,,,,,
Wanshouxigong,Seasonal week,2160,6,145,106.56551724137931,151.7196143526286,1.9659051168211759,-1.3793103448275863,35,176.28571428571428,-143.4857142857143,,,,,,
Wanshouxigong,Seasonal week,2160,24,145,115.8,159.9436754308992,2.136261507671781,5.620689655172414,38,191.94736842105263,-142.0,,,,,,
